image_name,true_label,prediction_ConvNexts,prediction_yolov11,prediction_yolov12,prediction_EfficientNetB4
000008_AGO.jpg,0,0.12817183136940002,0.0,0.0,0.07532588392496109
000014_AGO-Spec.jpg,0,0.21236881613731384,0.0,0.0,0.1107068732380867
000014_AGO.jpg,0,0.2768632471561432,0.0,0.0,0.0226973295211792
000633_AGO.jpg,0,0.15567298233509064,0.0,0.0,0.05828457698225975
001216_ARBO.jpg,0,0.21117152273654938,0.0,0.0,0.025137994438409805
001550_AGO.jpg,0,0.133799210190773,0.0,0.0,0.011577647179365158
001716_ARBO.jpg,0,0.3337569832801819,0.0,0.0,0.09993130713701248
001907_Senec.jpg,0,0.2682710289955139,0.0,0.0,0.015372825786471367
001948_AGO.jpg,0,0.482992559671402,0.0,0.25823450088500977,0.5695178508758545
002053_ARBO.jpg,0,0.1980006843805313,0.0,0.0,0.012516098096966743
002618_ARBO.jpg,0,0.3178693354129791,0.0,0.0,0.04706123471260071
002726_ARBO.jpg,0,0.14301088452339172,0.0,0.0,0.013303279876708984
002841_AGO.jpg,0,0.10933755338191986,0.0,0.0,0.06560089439153671
002858_AGO.jpg,0,0.10296206921339035,0.0,0.0,0.055248286575078964
003000_AGO.jpg,0,0.20080390572547913,0.0,0.0,0.40745142102241516
003121_ARBO.jpg,0,0.08066107332706451,0.0,0.0,0.03906252607703209
003125_AGO.jpg,0,0.2603570222854614,0.0,0.0,0.022197965532541275
003659_AGO.jpg,0,0.15442824363708496,0.0,0.0,0.028976650908589363
003659_ARBO.jpg,0,0.16554740071296692,0.0,0.0,0.02677697129547596
004631_ARBO.jpg,0,0.11926310509443283,0.0,0.0,0.0306325014680624
004708_AGO.jpg,0,0.3236696422100067,0.0,0.0,0.03509965538978577
004948_AGO.jpg,0,0.518210768699646,0.0,0.0,0.20920032262802124
005115_AGO.jpg,0,0.29397180676460266,0.0,0.0,0.015358973294496536
005115_ARBO.jpg,0,0.3608814775943756,0.0,0.0,0.08115778863430023
005252_KNM.jpg,0,0.44846653938293457,0.0,0.0,0.6174558997154236
010208_AGO.jpg,0,0.10979042947292328,0.0,0.0,0.23059110343456268
010437_Senec.jpg,0,0.20896032452583313,0.0,0.0,0.013984118588268757
010443_Senec.jpg,0,0.24281112849712372,0.0,0.0,0.019743310287594795
010534_ARBO.jpg,0,0.1465844213962555,0.0,0.0,0.03382667526602745
010545_Senec.jpg,0,0.2891354262828827,0.0,0.0,0.023630160838365555
010546_ARBO.jpg,0,0.046947579830884933,0.0,0.0,0.04066568985581398
010547_Senec.jpg,0,0.2409493774175644,0.0,0.0,0.14047040045261383
010614_AGO.jpg,0,0.25975048542022705,0.0,0.0,0.01394321583211422
010614_ARBO.jpg,0,0.2169206142425537,0.0,0.0,0.010930190794169903
010722_Senec.jpg,0,0.27410656213760376,0.0,0.0,0.005260759964585304
010801_AGO.jpg,0,0.3462647795677185,0.0,0.0,0.02067723497748375
010801_ARBO.jpg,0,0.5086763501167297,0.0,0.0,0.024680938571691513
011428_ARBO.jpg,0,0.05933329835534096,0.0,0.0,0.06651291251182556
011938_ARBO.jpg,0,0.1932283639907837,0.0,0.0,0.03249141946434975
012228_ARBO.jpg,0,0.23712129890918732,0.0,0.0,0.015669971704483032
012318_AGO-Spec.jpg,0,0.12359219789505005,0.0,0.0,0.04068666324019432
012632_ARBO.jpg,0,0.41491755843162537,0.0,0.0,0.005265343002974987
012659_ARBO.jpg,0,0.2782061994075775,0.0,0.0,0.15123555064201355
012754_AGO.jpg,0,0.18244850635528564,0.0,0.0,0.034044571220874786
012903_AGO.jpg,0,0.19422605633735657,0.0,0.0,0.041263505816459656
012903_Senec.jpg,0,0.252697616815567,0.0,0.0,0.0324195995926857
012930_VAZEC.jpg,0,0.20681209862232208,0.0,0.0,0.1575918197631836
012932_ARBO.jpg,0,0.0992555320262909,0.0,0.0,0.021085135638713837
012939_AGO.jpg,0,0.1478707194328308,0.0,0.0,0.04289828985929489
013043_ARBO.jpg,0,0.09634710848331451,0.0,0.0,0.02770291268825531
013136_ARBO.jpg,0,0.1635771095752716,0.0,0.0,0.017435580492019653
013147_ARBO.jpg,0,0.14044280350208282,0.0,0.0,0.039082787930965424
013239_ARBO.jpg,0,0.10017144680023193,0.0,0.0,0.07757186889648438
013340_ARBO.jpg,0,0.11653177440166473,0.0,0.0,0.011074505746364594
013356_ARBO.jpg,0,0.1729082614183426,0.0,0.0,0.03991870582103729
013357_AGO.jpg,0,0.15878142416477203,0.0,0.0,0.021820932626724243
013528_AGO-Spec.jpg,0,0.09233340620994568,0.0,0.0,0.031204989179968834
013817_AGO.jpg,0,0.1376267373561859,0.0,0.0,0.041163623332977295
014001_ARBO.jpg,0,0.20991982519626617,0.0,0.0,0.03895578533411026
014119_KNM.jpg,0,0.10564318299293518,0.0,0.0,0.06175526604056358
014731_AGO.jpg,0,0.1863669455051422,0.0,0.0,0.10944435745477676
014809_AGO-Spec.jpg,0,0.2933095395565033,0.0,0.0,0.14864137768745422
014836_Senec.jpg,0,0.22362101078033447,0.0,0.0,0.009615648537874222
020701_ARBO.jpg,0,0.10514047741889954,0.0,0.0,0.02425140142440796
022442_AGO-Spec.jpg,0,0.0866958349943161,0.0,0.0,0.015144790522754192
190410_AGO.jpg,0,0.10442081093788147,0.0,0.0,0.07867966592311859
190518_AGO.jpg,0,0.11825618147850037,0.0,0.0,0.04215168580412865
190729_ARBO.jpg,0,0.0874466598033905,0.0,0.0,0.047557149082422256
190922_ARBO.jpg,0,0.06323812901973724,0.0,0.0,0.0757330134510994
191022_Senec.jpg,0,0.20928505063056946,0.0,0.0,0.026757698506116867
191143_ARBO.jpg,0,0.07761692255735397,0.0,0.0,0.07231730967760086
191213_ARBO.jpg,0,0.08041593432426453,0.0,0.0,0.06187213212251663
191309_AGO.jpg,0,0.05969252064824104,0.0,0.0,0.04913727939128876
191435_ARBO.jpg,0,0.11099107563495636,0.0,0.0,0.16816286742687225
191442_ARBO.jpg,0,0.12872765958309174,0.0,0.0,0.11809461563825607
191454_ARBO.jpg,0,0.20143528282642365,0.0,0.0,0.14489904046058655
191521_ARBO.jpg,0,0.09144356846809387,0.0,0.0,0.11876226216554642
191528_VAZEC.jpg,0,0.3257160484790802,0.0,0.0,0.42163175344467163
191539_ARBO.jpg,0,0.28835567831993103,0.0,0.0,0.2061474323272705
191546_ARBO.jpg,0,0.31576207280158997,0.0,0.0,0.15148407220840454
191549_ARBO.jpg,0,0.2163899838924408,0.0,0.0,0.049161482602357864
191641_AGO.jpg,0,0.10072316229343414,0.0,0.0,0.1381262242794037
191658_ARBO.jpg,0,0.1846829205751419,0.0,0.0,0.0796719491481781
191708_ARBO.jpg,0,0.11761591583490372,0.0,0.0,0.06764830648899078
191714_ARBO.jpg,0,0.11653310805559158,0.0,0.0,0.07571172714233398
191903_ARBO.jpg,0,0.14535373449325562,0.0,0.0,0.09380410611629486
191920_ARBO.jpg,0,0.08711987733840942,0.0,0.0,0.07025007158517838
191938_ARBO.jpg,0,0.1456783413887024,0.31568634510040283,0.30409231781959534,0.18298190832138062
191943_ARBO.jpg,0,0.05914681404829025,0.0,0.0,0.15114006400108337
192006_ARBO.jpg,0,0.054174765944480896,0.0,0.0,0.13581474125385284
192036_VAZEC.jpg,0,0.29424381256103516,0.0,0.0,0.13308796286582947
192042_ARBO.jpg,0,0.18348781764507294,0.0,0.0,0.08664508163928986
192200_ARBO.jpg,0,0.08300658315420151,0.0,0.0,0.0769866332411766
192206_ARBO.jpg,0,0.06332097947597504,0.0,0.0,0.03929746150970459
192314_ARBO.jpg,0,0.09022432565689087,0.0,0.0,0.10223468393087387
192336_ARBO.jpg,0,0.1324889212846756,0.0,0.0,0.07657401263713837
192353_ARBO.jpg,0,0.10515622049570084,0.0,0.0,0.08805794268846512
192358_ARBO.jpg,0,0.1311749517917633,0.0,0.0,0.05843202397227287
192409_ARBO.jpg,0,0.08499351888895035,0.0,0.0,0.053063612431287766
192419_Senec.jpg,0,0.1827671378850937,0.0,0.0,0.04756474122405052
192422_ARBO.jpg,0,0.12346315383911133,0.0,0.0,0.06177666038274765
192429_ARBO.jpg,0,0.0962202250957489,0.0,0.0,0.06478913873434067
192439_Senec.jpg,0,0.20202364027500153,0.0,0.0,0.07069582492113113
192458_AGO-Spec.jpg,0,0.07920107245445251,0.0,0.0,0.03372861072421074
192528_ARBO.jpg,0,0.11880580335855484,0.0,0.0,0.07311546802520752
192547_ARBO.jpg,0,0.09517613053321838,0.0,0.0,0.17490701377391815
192557_VAZEC.jpg,0,0.33909931778907776,0.0,0.0,0.5311831831932068
192624_ARBO.jpg,0,0.08916735649108887,0.0,0.0,0.1732804775238037
192700_ARBO.jpg,0,0.0908278375864029,0.0,0.0,0.2151605635881424
192842_ARBO.jpg,0,0.12766548991203308,0.0,0.0,0.05529189109802246
192904_ARBO.jpg,0,0.15165521204471588,0.0,0.0,0.028444867581129074
193000_ARBO.jpg,0,0.14466899633407593,0.0,0.374350368976593,0.10198042541742325
193026_ARBO.jpg,0,0.0948653295636177,0.0,0.0,0.07424428313970566
193037_ARBO.jpg,0,0.1603342592716217,0.0,0.0,0.1434006690979004
193123_ARBO.jpg,0,0.07542954385280609,0.0,0.0,0.06394733488559723
193142_ARBO.jpg,0,0.09733200073242188,0.0,0.0,0.0488276481628418
193147_ARBO.jpg,0,0.10339394211769104,0.0,0.0,0.10230030864477158
193202_ARBO.jpg,0,0.094540074467659,0.0,0.0,0.07659714668989182
193358_ARBO.jpg,0,0.05167815089225769,0.0,0.0,0.0756741613149643
193405_ARBO.jpg,0,0.05216215178370476,0.0,0.0,0.05712362378835678
193432_ARBO.jpg,0,0.08585255593061447,0.0,0.0,0.06345001608133316
193453_ARBO.jpg,0,0.058109547942876816,0.0,0.0,0.06392297893762589
193646_KNM.jpg,0,0.2393314689397812,0.0,0.0,0.0878678560256958
193709_AGO.jpg,0,0.14872804284095764,0.0,0.0,0.019752394407987595
193732_ARBO.jpg,0,0.09951750934123993,0.0,0.0,0.05117081478238106
193822_ARBO.jpg,0,0.07667571306228638,0.0,0.0,0.03658708557486534
193826_ARBO.jpg,0,0.12573252618312836,0.0,0.0,0.05658307299017906
193833_KNM.jpg,0,0.21631622314453125,0.0,0.0,0.029534613713622093
193852_ARBO.jpg,0,0.1394679844379425,0.0,0.0,0.03779264912009239
193946_ARBO.jpg,0,0.07581458240747452,0.0,0.0,0.0546860434114933
193954_KNM.jpg,0,0.23214608430862427,0.0,0.0,0.137329563498497
194026_ARBO.jpg,0,0.06097327917814255,0.0,0.0,0.04716275632381439
194032_ARBO.jpg,0,0.09096743166446686,0.0,0.0,0.04972732812166214
194046_ARBO.jpg,0,0.08067145198583603,0.0,0.0,0.04381671920418739
194121_VAZEC.jpg,0,0.23369525372982025,0.0,0.0,0.3529488146305084
194317_AGO-Spec.jpg,0,0.16649550199508667,0.0,0.0,0.02071518450975418
194334_AGO.jpg,0,0.04696404188871384,0.0,0.0,0.023031985387206078
194335_VAZEC.jpg,0,0.7091559171676636,0.0,0.0,0.37008464336395264
194359_AGO.jpg,0,0.24183209240436554,0.0,0.0,0.06073163449764252
194405_AGO.jpg,0,0.1290564388036728,0.0,0.0,0.14818190038204193
194539_KNM.jpg,0,0.330907940864563,0.0,0.0,0.11202596127986908
194614_AGO.jpg,0,0.12305048853158951,0.0,0.0,0.05234504118561745
194649_ARBO.jpg,0,0.05331547185778618,0.0,0.0,0.0596800297498703
194700_ARBO.jpg,0,0.036494944244623184,0.0,0.0,0.0768251121044159
194704_ARBO.jpg,0,0.07156839221715927,0.0,0.0,0.03790081664919853
194706_KNM.jpg,0,0.282945841550827,0.0,0.0,0.13071829080581665
194728_AGO-Spec.jpg,0,0.14158010482788086,0.0,0.0,0.028134660795331
194728_ARBO.jpg,0,0.04626160487532616,0.0,0.0,0.04621117189526558
194735_KNM.jpg,0,0.23577095568180084,0.0,0.0,0.13741415739059448
194749_AGO.jpg,0,0.2872498035430908,0.0,0.0,0.5056608319282532
194840_KNM.jpg,0,0.26238876581192017,0.0,0.0,0.16633646190166473
194841_Senec.jpg,0,0.3721049726009369,0.0,0.0,0.03876199200749397
194913_Senec.jpg,0,0.2602827847003937,0.0,0.0,0.05201684683561325
195128_KNM.jpg,0,0.33760857582092285,0.0,0.0,0.09571750462055206
195504_ARBO.jpg,0,0.10277711600065231,0.0,0.0,0.07628295570611954
195620_VAZEC.jpg,0,0.5321566462516785,0.0,0.0,0.37408286333084106
200154_AGO.jpg,0,0.11431081593036652,0.0,0.0,0.32698413729667664
200213_ARBO.jpg,0,0.21994414925575256,0.0,0.0,0.14048345386981964
200219_AGO.jpg,0,0.12422087788581848,0.0,0.0,0.30305716395378113
200305_KNM.jpg,0,0.31998294591903687,0.0,0.0,0.05499757081270218
200356_AGO.jpg,0,0.1314830780029297,0.0,0.0,0.02704520709812641
200743_ARBO.jpg,0,0.1742802858352661,0.0,0.0,0.09052149951457977
200816_VAZEC.jpg,0,0.05306809023022652,0.0,0.0,0.047473084181547165
200947_AGO.jpg,0,0.19413988292217255,0.0,0.0,0.05602191761136055
201026_VAZEC.jpg,0,0.19892452657222748,0.0,0.0,0.47324293851852417
201035_AGO.jpg,0,0.17558594048023224,0.0,0.0,0.2890283167362213
201036_AGO.jpg,0,0.3470454514026642,0.0,0.0,0.37417563796043396
201040_ARBO.jpg,0,0.0875164344906807,0.0,0.0,0.07270397990942001
201141_AGO.jpg,0,0.09620634466409683,0.0,0.0,0.12598957121372223
201202_AGO.jpg,0,0.20476248860359192,0.0,0.0,0.02112266793847084
201218_AGO-Spec.jpg,0,0.2757665812969208,0.0,0.0,0.12505219876766205
201314_AGO.jpg,0,0.0877813771367073,0.0,0.0,0.28616416454315186
202231_VAZEC.jpg,0,0.31163856387138367,0.0,0.0,0.7910143733024597
202258_ARBO.jpg,0,0.1268962174654007,0.0,0.0,0.16081571578979492
202305_AGO.jpg,0,0.10000242292881012,0.0,0.0,0.20125293731689453
202432_AGO.jpg,0,0.08107421547174454,0.0,0.0,0.02824261784553528
202556_AGO.jpg,0,0.19186507165431976,0.0,0.0,0.06190557777881622
202633_ARBO.jpg,0,0.1725783795118332,0.0,0.0,0.0706804171204567
202633_KNM.jpg,0,0.2757086753845215,0.0,0.0,0.1638340801000595
202712_ARBO.jpg,0,0.22278492152690887,0.0,0.0,0.11274378001689911
203104_AGO.jpg,0,0.10615652799606323,0.0,0.0,0.03209701180458069
203853_ARBO.jpg,0,0.4397522211074829,0.0,0.0,0.16922537982463837
204007_ARBO.jpg,0,0.17932021617889404,0.0,0.0,0.08545155823230743
204027_AGO-Spec.jpg,0,0.19838863611221313,0.0,0.5065782070159912,0.33332136273384094
204049_AGO-Spec.jpg,0,0.3005999028682709,0.0,0.27300283312797546,0.0498480461537838
204125_VAZEC.jpg,0,0.2846318483352661,0.0,0.0,0.06553004682064056
204237_Senec.jpg,0,0.11405782401561737,0.0,0.0,0.04888562858104706
204318_ARBO.jpg,0,0.3550104796886444,0.0,0.0,0.078383669257164
204326_ARBO.jpg,0,0.37800365686416626,0.0,0.0,0.07880669087171555
204341_ARBO.jpg,0,0.31499767303466797,0.0,0.0,0.2723790407180786
204524_Senec.jpg,0,0.22037534415721893,0.0,0.0,0.033717695623636246
204639_AGO.jpg,0,0.1104937195777893,0.0,0.0,0.06860195100307465
204715_AGO.jpg,0,0.48430296778678894,0.0,0.0,0.11599309742450714
204720_AGO.jpg,0,0.2023639678955078,0.0,0.0,0.0395195335149765
204732_AGO.jpg,0,0.08729749917984009,0.0,0.0,0.022432927042245865
204759_ARBO.jpg,0,0.2435259222984314,0.0,0.0,0.07228308916091919
204821_AGO-Spec.jpg,0,0.17423252761363983,0.0,0.0,0.08594891428947449
204821_AGO.jpg,0,0.11373880505561829,0.0,0.0,0.07761494070291519
204828_Senec.jpg,0,0.2632416784763336,0.0,0.0,0.0441657118499279
204854_ARBO.jpg,0,0.4274870455265045,0.0,0.0,0.3342767357826233
204940_ARBO.jpg,0,0.16541673243045807,0.0,0.0,0.056479182094335556
205437_AGO.jpg,0,0.20042197406291962,0.0,0.0,0.053124185651540756
205807_AGO.jpg,0,0.12749521434307098,0.0,0.0,0.08307898789644241
205917_KNM.jpg,0,0.19761915504932404,0.0,0.0,0.1793951839208603
210133_ARBO.jpg,0,0.6041651964187622,0.0,0.0,0.22272610664367676
210518_AGO.jpg,0,0.10428151488304138,0.0,0.0,0.14512453973293304
210518_Senec.jpg,0,0.328471302986145,0.0,0.0,0.026151709258556366
210530_KNM.jpg,0,0.27159547805786133,0.0,0.0,0.09659942239522934
210634_KNM.jpg,0,0.2224283665418625,0.0,0.0,0.07305850833654404
210701_KNM.jpg,0,0.26412442326545715,0.0,0.0,0.1068352684378624
211108_ARBO.jpg,0,0.029963653534650803,0.0,0.0,0.036153748631477356
211426_KNM.jpg,0,0.2277054339647293,0.0,0.0,0.06663589924573898
212249_VAZEC.jpg,0,0.5653935074806213,0.0,0.0,0.7849376201629639
213854_KNM.jpg,0,0.40377506613731384,0.0,0.0,0.06405538320541382
214907_ARBO.jpg,0,0.1977289468050003,0.0,0.0,0.017104564234614372
214920_VAZEC.jpg,0,0.47706565260887146,0.0,0.0,0.16291984915733337
215210_AGO.jpg,0,0.08414998650550842,0.0,0.0,0.17094171047210693
215233_AGO-Spec.jpg,0,0.33008435368537903,0.0,0.0,0.03435458987951279
215242_VAZEC.jpg,0,0.1903824359178543,0.0,0.0,0.5326784253120422
215244_AGO.jpg,0,0.10341361165046692,0.0,0.0,0.05040762200951576
215630_VAZEC.jpg,0,0.2706473767757416,0.0,0.0,0.08220847696065903
215648_VAZEC.jpg,0,0.20460309088230133,0.2711024582386017,0.0,0.06190897151827812
220124_VAZEC.jpg,0,0.08014180511236191,0.0,0.0,0.00608823262155056
220230_Senec.jpg,0,0.5138072967529297,0.0,0.0,0.08680368214845657
220638_AGO-Spec.jpg,0,0.2373189479112625,0.0,0.29164472222328186,0.2735443115234375
221201_AGO-Spec.jpg,0,0.2115459144115448,0.0,0.0,0.05801954120397568
222106_VAZEC.jpg,0,0.1470755636692047,0.0,0.0,0.028877433389425278
222523_VAZEC.jpg,0,0.5913825035095215,0.2849389612674713,0.0,0.7071493864059448
223013_AGO.jpg,0,0.42499157786369324,0.0,0.0,0.1030939444899559
223248_AGO.jpg,0,0.06983228027820587,0.0,0.0,0.11828266084194183
223319_Senec.jpg,0,0.4015049636363983,0.0,0.0,0.03611772507429123
223321_Senec.jpg,0,0.3255331814289093,0.0,0.0,0.020547639578580856
223339_ARBO.jpg,0,0.07063285261392593,0.0,0.0,0.03287968039512634
223425_ARBO.jpg,0,0.9143978357315063,0.3424476683139801,0.39522498846054077,0.1756724864244461
223815_VAZEC.jpg,0,0.3074275851249695,0.0,0.0,0.16977007687091827
223837_ARBO.jpg,0,0.19821636378765106,0.0,0.0,0.026318209245800972
224141_ARBO.jpg,0,0.23400725424289703,0.0,0.0,0.0846901461482048
224238_VAZEC.jpg,0,0.36795228719711304,0.0,0.0,0.10374252498149872
224246_VAZEC.jpg,0,0.2534199059009552,0.0,0.0,0.1006101444363594
224252_VAZEC.jpg,0,0.3342728316783905,0.0,0.0,0.20887580513954163
224350_Senec.jpg,0,0.21744312345981598,0.0,0.0,0.025689097121357918
224356_ARBO.jpg,0,0.29908233880996704,0.0,0.0,0.0850861519575119
224359_ARBO.jpg,0,0.09003306925296783,0.0,0.0,0.13520346581935883
224400_Senec.jpg,0,0.16772867739200592,0.0,0.0,0.04197300225496292
224409_Senec.jpg,0,0.2166203409433365,0.0,0.0,0.03277924656867981
224437_Senec.jpg,0,0.1973446160554886,0.0,0.0,0.023997442796826363
224441_VAZEC.jpg,0,0.27277472615242004,0.0,0.0,0.1831440031528473
224718_ARBO.jpg,0,0.24430865049362183,0.0,0.0,0.033615317195653915
225027_AGO.jpg,0,0.16993296146392822,0.0,0.0,0.060925889760255814
225027_ARBO.jpg,0,0.13726530969142914,0.0,0.0,0.04570385441184044
225103_Senec.jpg,0,0.2238072156906128,0.0,0.0,0.041190385818481445
225508_VAZEC.jpg,0,0.47443678975105286,0.0,0.0,0.151426762342453
225536_AGO.jpg,0,0.36293160915374756,0.0,0.0,0.11527539789676666
225539_VAZEC.jpg,0,0.27400636672973633,0.0,0.0,0.1515038013458252
225629_VAZEC.jpg,0,0.3495866358280182,0.0,0.0,0.8301841020584106
225634_Senec.jpg,0,0.7587916851043701,0.0,0.0,0.0403658002614975
230441_Senec.jpg,0,0.42275920510292053,0.0,0.0,0.030714716762304306
230445_VAZEC.jpg,0,0.1474466770887375,0.0,0.0,0.135832279920578
231104_Senec.jpg,0,0.2930406630039215,0.0,0.0,0.020769912749528885
231120_AGO-Spec.jpg,0,0.4081873595714569,0.0,0.0,0.040582723915576935
231623_ARBO.jpg,0,0.08361393958330154,0.0,0.0,0.0577569343149662
232508_ARBO.jpg,0,0.11158504337072372,0.0,0.0,0.10085555166006088
232956_KNM.jpg,0,0.317050963640213,0.0,0.0,0.15601348876953125
233137_AGO-Spec.jpg,0,0.14835631847381592,0.0,0.0,0.05074746534228325
233216_AGO.jpg,0,0.2548641264438629,0.0,0.0,0.4647384583950043
233348_AGO.jpg,0,0.157768115401268,0.0,0.0,0.06998327374458313
233436_AGO.jpg,0,0.20116616785526276,0.0,0.0,0.03835539519786835
233802_KNM.jpg,0,0.356512188911438,0.0,0.0,0.08357029408216476
233847_ARBO.jpg,0,0.07899544388055801,0.34330543875694275,0.44439321756362915,0.12455414235591888
234505_AGO.jpg,0,0.28534987568855286,0.0,0.0,0.043774425983428955
234505_ARBO.jpg,0,0.3061369061470032,0.0,0.0,0.06451285630464554
234549_KNM.jpg,0,0.2566867470741272,0.0,0.0,0.16786837577819824
234905_ARBO.jpg,0,0.148733988404274,0.0,0.0,0.04171004146337509
235043_KNM.jpg,0,0.31902608275413513,0.0,0.0,0.1114024817943573
235058_AGO.jpg,0,0.41080713272094727,0.0,0.0,0.10156481713056564
235643_ARBO.jpg,0,0.17546232044696808,0.0,0.0,0.03697366639971733
235819_VAZEC.jpg,0,0.3757818937301636,0.0,0.0,0.07565884292125702
M010826_AGO-Spec.jpg,1,0.884246826171875,0.4929008185863495,0.48249101638793945,0.51698237657547
M20210708_220210_FO_P.jpg,1,0.8502842783927917,0.3399486839771271,0.4003773629665375,0.34453046321868896
M20210708_235512_FO_P.jpg,1,0.9198653101921082,0.5015363693237305,0.5556270480155945,0.366624653339386
M20210708_235536_FO_P.jpg,1,0.9621441960334778,0.3216917812824249,0.3911948800086975,0.7926373481750488
M20210709_000301_FO_P.jpg,1,0.765537679195404,0.40592464804649353,0.48840126395225525,0.10574609786272049
M20210709_000456_FO_P.jpg,1,0.969994306564331,0.4287273585796356,0.41126739978790283,0.5890670418739319
M20210709_005352_FO_P.jpg,1,0.9802147150039673,0.34041494131088257,0.38066595792770386,0.9135587811470032
M20210709_005810_FO_P.jpg,1,0.903381884098053,0.6988285183906555,0.6828933954238892,0.5081526041030884
M20210709_205427_FO_P.jpg,1,0.8514264225959778,0.4422180652618408,0.47219347953796387,0.13230900466442108
M20210709_213808_FO_P.jpg,1,0.8910463452339172,0.48250725865364075,0.549157440662384,0.6463680863380432
M20210709_222934_FO_P.jpg,1,0.9561260342597961,0.29877594113349915,0.37638235092163086,0.651063084602356
M20210709_230145_FO_P.jpg,1,0.739380955696106,0.40561625361442566,0.4444881081581116,0.2881879508495331
M20210709_232341_FO_P.jpg,1,0.9332093596458435,0.4043761193752289,0.5178655385971069,0.5768353343009949
M20210710_001038_FO_P.jpg,1,0.9801173806190491,0.3706892728805542,0.44341588020324707,0.8455100655555725
M20210710_002433_FO_P.jpg,1,0.8796393871307373,0.3999156057834625,0.4913232922554016,0.39811521768569946
M20210710_004706_FO_P.jpg,1,0.8642783761024475,0.3954504430294037,0.48373591899871826,0.6477828025817871
M20210710_004804_FO_P.jpg,1,0.925312876701355,0.36310529708862305,0.47004830837249756,0.3539554476737976
M20210710_010123_FO_P.jpg,1,0.9635497331619263,0.44846272468566895,0.5873919725418091,0.6296427249908447
M20210710_010210_FO_P.jpg,1,0.9578953981399536,0.47931474447250366,0.5884174704551697,0.6607764363288879
M20210710_011942_FO_P.jpg,1,0.7182767987251282,0.4700907766819,0.43348395824432373,0.2733544111251831
M20210710_012234_FO_P.jpg,1,0.9218844175338745,0.3277857005596161,0.42856526374816895,0.6150411367416382
M20210710_210501_FO_P.jpg,1,0.854794442653656,0.5309003591537476,0.5816407799720764,0.6840167045593262
M20210710_221029_FO_P.jpg,1,0.5422666072845459,0.37237846851348877,0.4957430064678192,0.6469265818595886
M20210710_222230_FO_P.jpg,1,0.6274600625038147,0.0,0.0,0.07807169109582901
M20210710_232309_FO_P.jpg,1,0.9485709071159363,0.4044317901134491,0.5246233940124512,0.7464404702186584
M20210710_234058_FO_P.jpg,1,0.9673181176185608,0.4030854105949402,0.530237078666687,0.8224173188209534
M20210710_234938_FO_P.jpg,1,0.9484032988548279,0.3680519759654999,0.42083361744880676,0.48703527450561523
M20210711_002747_FO_P.jpg,1,0.9271731376647949,0.31877610087394714,0.3665913939476013,0.6540940403938293
M20210711_002826_FO_P.jpg,1,0.988237202167511,0.4062407314777374,0.4254763424396515,0.8285910487174988
M20210711_003402_FO_P.jpg,1,0.8660562634468079,0.3277396857738495,0.0,0.33288800716400146
M20210711_004039_FO_P.jpg,1,0.9856189489364624,0.7099143862724304,0.6630381345748901,0.8356344699859619
M20210712_204306_FO_P.jpg,1,0.8128138780593872,0.4614391624927521,0.5494399666786194,0.2521829903125763
M20210712_205242_FO_P.jpg,1,0.8946494460105896,0.5832840204238892,0.6799280047416687,0.4572356641292572
M20210712_212925_FO_P.jpg,1,0.9495842456817627,0.45972341299057007,0.5273234248161316,0.3886222839355469
M20210712_223259_FO_P.jpg,1,0.8585225939750671,0.43469858169555664,0.4568544924259186,0.7225903272628784
M20210712_231136_FO_P.jpg,1,0.8085665702819824,0.33537307381629944,0.4097440242767334,0.6098095774650574
M20210712_231236_FO_P.jpg,1,0.9718300700187683,0.44322553277015686,0.4594516158103943,0.7567247152328491
M20210712_233811_FO_P.jpg,1,0.962429404258728,0.4047442674636841,0.5303391218185425,0.6202635765075684
M20210712_235038_FO_P.jpg,1,0.9475789070129395,0.38555675745010376,0.4030953347682953,0.17769870162010193
M20210712_235131_FO_P.jpg,1,0.9028537273406982,0.44452884793281555,0.49693161249160767,0.5368576645851135
M20210712_235300_FO_P.jpg,1,0.9833036661148071,0.4185945391654968,0.4237830638885498,0.6341122984886169
M20210713_002821_FO_P.jpg,1,0.9842913150787354,0.4102359712123871,0.36393216252326965,0.5384610295295715
M20210713_003748_FO_P.jpg,1,0.9487518668174744,0.36645281314849854,0.46657976508140564,0.5266052484512329
M20210713_005056_FO_P.jpg,1,0.9317924976348877,0.6810985803604126,0.7137125730514526,0.8396599292755127
M20210713_012742_FO_P.jpg,1,0.932140052318573,0.5297012329101562,0.5594696402549744,0.6465842127799988
M20210713_215508_FO_P.jpg,1,0.9684664011001587,0.5625443458557129,0.5931115746498108,0.7920429110527039
M20210713_221842_FO_P.jpg,1,0.843285083770752,0.6869545578956604,0.7090796232223511,0.8247885704040527
M20210713_225028_FO_P.jpg,1,0.9361074566841125,0.506865918636322,0.6206576824188232,0.7293736338615417
M20210714_205334_FO_P.jpg,1,0.8764058351516724,0.32700803875923157,0.4251173734664917,0.6944602727890015
M20210714_212840_FO_P.jpg,1,0.6261406540870667,0.6177010536193848,0.5963693261146545,0.44562190771102905
M20210714_214902_FO_P.jpg,1,0.8461164832115173,0.6400977969169617,0.692896842956543,0.657955527305603
M20210714_220725_FO_P.jpg,1,0.8752022385597229,0.349071204662323,0.4726295471191406,0.7186906933784485
M20210714_223320_FO_P.jpg,1,0.9895755052566528,0.3231293857097626,0.3846026360988617,0.8526478409767151
M20210714_223753_FO_P.jpg,1,0.9349061250686646,0.43296802043914795,0.5594137907028198,0.682219386100769
M20210714_224123_FO_P.jpg,1,0.970152735710144,0.39337992668151855,0.5201247930526733,0.8431957364082336
M20210714_224936_FO_P.jpg,1,0.9202550649642944,0.33939483761787415,0.399699866771698,0.6436660885810852
M20210714_233428_FO_P.jpg,1,0.7873737215995789,0.34673383831977844,0.42090606689453125,0.2967735230922699
M20210714_234310_FO_P.jpg,1,0.9435786008834839,0.3540300726890564,0.4339040517807007,0.41113153100013733
M20210715_004146_FO_P.jpg,1,0.7224498391151428,0.40928879380226135,0.42806681990623474,0.3296331465244293
M20210715_205642_FO_P.jpg,1,0.7741069197654724,0.599177360534668,0.6768767833709717,0.21733897924423218
M20210715_211601_FO_P.jpg,1,0.9334006309509277,0.4026298522949219,0.48116934299468994,0.6737795472145081
M20210715_211826_FO_P.jpg,1,0.8436408042907715,0.3355194330215454,0.40384578704833984,0.5819960832595825
M20210715_212910_FO_P.jpg,1,0.8648654222488403,0.6080395579338074,0.7196696400642395,0.7499750852584839
M20210715_214357_FO_P.jpg,1,0.9117377400398254,0.693763792514801,0.7210621237754822,0.875953197479248
M20210715_215055_FO_P.jpg,1,0.7606104016304016,0.4128444492816925,0.5346501469612122,0.6601028442382812
M20210715_221158_FO_P.jpg,1,0.8908723592758179,0.6099875569343567,0.6611281633377075,0.8662044405937195
M20210715_224122_FO_P.jpg,1,0.8723869919776917,0.365814745426178,0.4462747275829315,0.6402214765548706
M20210715_224246_FO_P.jpg,1,0.8980929255485535,0.5751633644104004,0.5684565305709839,0.3155871033668518
M20210715_231334_FO_P.jpg,1,0.8210323452949524,0.3905220925807953,0.4782726764678955,0.6329782605171204
M20210716_001102_FO_P.jpg,1,0.9204061031341553,0.42765235900878906,0.0,0.6007653474807739
M20210716_002017_FO_P.jpg,1,0.7298629283905029,0.38683685660362244,0.4827955961227417,0.28872376680374146
M20210716_002535_FO_P.jpg,1,0.9741654396057129,0.6720897555351257,0.7151517271995544,0.8602758049964905
M20210716_005515_FO_P.jpg,1,0.916821300983429,0.45442095398902893,0.5476090312004089,0.6474995613098145
M20210716_005547_FO_P.jpg,1,0.8594585657119751,0.32690203189849854,0.4489695429801941,0.41158154606819153
M20210716_010850_FO_P.jpg,1,0.9404430389404297,0.5086963772773743,0.5703905820846558,0.7594107985496521
M20210716_011523_FO_P.jpg,1,0.8345871567726135,0.3269171714782715,0.4043504297733307,0.4355430603027344
M20210716_211031_FO_P.jpg,1,0.9284358024597168,0.5597432851791382,0.574734628200531,0.8426933884620667
M20210716_213616_FO_P.jpg,1,0.9316589832305908,0.6280972361564636,0.6823083758354187,0.650664210319519
M20210716_215722_FO_P.jpg,1,0.7725361585617065,0.42260870337486267,0.5218736529350281,0.27037590742111206
M20210716_230532_FO_P.jpg,1,0.910121500492096,0.39278703927993774,0.40140682458877563,0.6036025285720825
M20210716_232049_FO_P.jpg,1,0.8490684628486633,0.5675612688064575,0.694911777973175,0.6886824369430542
M20210716_232346_FO_P.jpg,1,0.7398744821548462,0.4304717481136322,0.5408114790916443,0.5370243787765503
M20210716_233111_FO_P.jpg,1,0.9612175226211548,0.33122238516807556,0.4255114793777466,0.8472585678100586
M20210716_235646_FO_P.jpg,1,0.8807426691055298,0.48486340045928955,0.6454857587814331,0.6868266463279724
M20210717_002539_FO_P.jpg,1,0.7641929984092712,0.46268129348754883,0.5134071111679077,0.6127163171768188
M20210718_011108_FO_P.jpg,1,0.5591486096382141,0.35140180587768555,0.37894827127456665,0.5287640690803528
M20210718_214928_FO_P.jpg,1,0.8290154933929443,0.3667358160018921,0.4187815487384796,0.6467551589012146
M20210718_235524_FO_P.jpg,1,0.9053162932395935,0.45201459527015686,0.5945041179656982,0.7465236186981201
M20210719_003312_FO_P.jpg,1,0.8349723219871521,0.40822407603263855,0.4797883629798889,0.637833833694458
M20210719_004201_FO_P.jpg,1,0.9224796891212463,0.328647643327713,0.3671574890613556,0.7963113188743591
M20210719_005555_FO_P.jpg,1,0.5763970017433167,0.42397773265838623,0.4180218279361725,0.4165775179862976
M20210719_221526_FO_P.jpg,1,0.8147530555725098,0.338941365480423,0.39578285813331604,0.4089948534965515
M20210720_010806_FO_P.jpg,1,0.6589607000350952,0.47960972785949707,0.6106828451156616,0.6053699851036072
M20210720_013234_FO_P.jpg,1,0.6453233361244202,0.39553698897361755,0.3324490189552307,0.21869170665740967
M20210720_235816_FO_P.jpg,1,0.9528056979179382,0.4509428143501282,0.0,0.5898674130439758
M20210721_002153_FO_P.jpg,1,0.9328990578651428,0.5324404835700989,0.6441177725791931,0.49214398860931396
M20210721_004005_FO_P.jpg,1,0.8758438229560852,0.637666642665863,0.47734397649765015,0.48038116097450256
M20210721_012118_FO_P.jpg,1,0.8415741920471191,0.3606855273246765,0.5008924007415771,0.4292382299900055
M20210721_205306_FO_P.jpg,1,0.7013283967971802,0.4973771572113037,0.538243293762207,0.26130250096321106
M20210721_235512_FO_P.jpg,1,0.9022827744483948,0.3929673433303833,0.3786011040210724,0.3943304121494293
M20210722_002859_FO_P.jpg,1,0.9121990203857422,0.38697776198387146,0.5028349757194519,0.6146523356437683
M20210722_003659_FO_P.jpg,1,0.9462711811065674,0.44769003987312317,0.4226303994655609,0.5009194016456604
M20210722_004332_FO_P.jpg,1,0.9661638140678406,0.3975726068019867,0.414917916059494,0.7093589305877686
M20210722_004921_FO_P.jpg,1,0.9376236200332642,0.3915451169013977,0.47994711995124817,0.548082172870636
M20210722_005915_FO_P.jpg,1,0.8680294752120972,0.34522002935409546,0.3980284035205841,0.7257117629051208
M20210722_010218_FO_P.jpg,1,0.9218080639839172,0.4088270962238312,0.4414568841457367,0.4832157492637634
M20210722_011200_FO_P.jpg,1,0.7290259003639221,0.373992919921875,0.4200933873653412,0.2360408902168274
M20210722_013127_FO_P.jpg,1,0.6896899342536926,0.44003504514694214,0.528887927532196,0.5986371636390686
M20210722_014130_FO_P.jpg,1,0.862880289554596,0.35796675086021423,0.4278729259967804,0.5854151248931885
M20210723_011022_FO_P.jpg,1,0.7672630548477173,0.3706763684749603,0.44455310702323914,0.667938232421875
M20210723_211307_FO_P.jpg,1,0.9849656820297241,0.4873869717121124,0.44879016280174255,0.6839911341667175
M20210723_212020_FO_P.jpg,1,0.9740386605262756,0.4509209096431732,0.5128127932548523,0.6112056374549866
M20210723_225148_FO_P.jpg,1,0.9471294283866882,0.49816107749938965,0.5369052886962891,0.43683314323425293
M20210724_000841_FO_P.jpg,1,0.9175938367843628,0.3545120656490326,0.3716493844985962,0.6408008337020874
M20210724_002744_FO_P.jpg,1,0.852690577507019,0.5493823289871216,0.5014190673828125,0.5915722846984863
M20210724_010201_FO_P.jpg,1,0.9322729706764221,0.4401758909225464,0.4523487091064453,0.22511084377765656
M20210724_010235_FO_P.jpg,1,0.6598332524299622,0.0,0.0,0.031236154958605766
M20210724_012012_FO_P.jpg,1,0.8449470400810242,0.445882648229599,0.4205537736415863,0.42678627371788025
M20210724_012727_FO_P.jpg,1,0.9580318331718445,0.5113807916641235,0.5868913531303406,0.2861722707748413
M20210724_014000_FO_P.jpg,1,0.9758884310722351,0.42608803510665894,0.43282973766326904,0.5545575022697449
M20210724_205231_FO_P.jpg,1,0.455514520406723,0.0,0.0,0.05135709047317505
M20210724_213037_FO_P.jpg,1,0.9176000356674194,0.42455077171325684,0.44004151225090027,0.46140342950820923
M20210726_214023_FO_P.jpg,1,0.8610281348228455,0.33390721678733826,0.40599197149276733,0.769775390625
M20210726_215119_FO_P.jpg,1,0.8702005743980408,0.4688074588775635,0.49519410729408264,0.4928644299507141
M20210726_215536_FO_P.jpg,1,0.9893919229507446,0.6712064146995544,0.6577527523040771,0.7899687886238098
M20210726_221737_FO_P.jpg,1,0.945866584777832,0.6777096390724182,0.6614760756492615,0.5549235343933105
M20210726_223549_FO_P.jpg,1,0.9596724510192871,0.6674512624740601,0.7309269309043884,0.5550244450569153
M20210726_224301_FO_P.jpg,1,0.9054253101348877,0.5329165458679199,0.5954143404960632,0.2870122492313385
M20210726_230907_FO_P.jpg,1,0.9831311702728271,0.429912269115448,0.4416385591030121,0.46130427718162537
M20210727_004106_FO_P.jpg,1,0.9607154726982117,0.7003721594810486,0.7123361229896545,0.30439266562461853
M20210727_004405_FO_P.jpg,1,0.9281459450721741,0.39682915806770325,0.4717327356338501,0.5282104015350342
M20210727_004818_FO_P.jpg,1,0.9668431878089905,0.45693638920783997,0.5138092637062073,0.5284919142723083
M20210727_005305_FO_P.jpg,1,0.9438274502754211,0.43740183115005493,0.45771706104278564,0.6284639835357666
M20210727_005905_FO_P.jpg,1,0.8902258276939392,0.3961620628833771,0.3735808730125427,0.7177522778511047
M20210727_011018_FO_P.jpg,1,0.7955873608589172,0.5132754445075989,0.4748397469520569,0.2762121260166168
M20210727_012524_FO_P.jpg,1,0.8992063403129578,0.699532151222229,0.6943942308425903,0.5962714552879333
M20210727_201727_FO_P.jpg,1,0.9928237199783325,0.3426140546798706,0.44682633876800537,0.6814121007919312
M20210727_203620_FO_P.jpg,1,0.980760931968689,0.36322200298309326,0.41399112343788147,0.8645563721656799
M20210727_213212_FO_P.jpg,1,0.9520323872566223,0.49002209305763245,0.5528925061225891,0.5335670709609985
M20210727_214740_FO_P.jpg,1,0.9817936420440674,0.4930154085159302,0.42204251885414124,0.816348135471344
M20210727_231242_FO_P.jpg,1,0.5664361715316772,0.5727347731590271,0.6178131699562073,0.7773650288581848
M20210728_000544_FO_P.jpg,1,0.9567588567733765,0.660408079624176,0.7145565152168274,0.7301865220069885
M20210728_002225_FO_P.jpg,1,0.9910669922828674,0.5048524141311646,0.5944501161575317,0.5513662695884705
M20210728_004547_FO_P.jpg,1,0.9855210185050964,0.5354487895965576,0.5213750004768372,0.7156247496604919
M20210728_004602_FO_P.jpg,1,0.96321702003479,0.5264800786972046,0.506703794002533,0.7037375569343567
M20210728_004713_FO_P.jpg,1,0.9855296015739441,0.5788426399230957,0.4667329490184784,0.5025986433029175
M20210728_004952_FO_P.jpg,1,0.9855477809906006,0.6488391757011414,0.7183181047439575,0.6480163335800171
M20210728_013300_FO_P.jpg,1,0.9852946996688843,0.5832918882369995,0.5527546405792236,0.6194373965263367
M20210728_013351_FO_P.jpg,1,0.9851668477058411,0.6128309965133667,0.5759750604629517,0.7504512071609497
M20210729_200545_FO_P.jpg,1,0.834912896156311,0.43957045674324036,0.4069119095802307,0.04617517814040184
M20210729_205549_FO_P.jpg,1,0.9479483366012573,0.6819877624511719,0.6692912578582764,0.4142612814903259
M20210729_211350_FO_P.jpg,1,0.9546393752098083,0.47724658250808716,0.5397264957427979,0.8813477754592896
M20210729_211524_FO_P.jpg,1,0.9772970676422119,0.49851301312446594,0.605044424533844,0.7518613934516907
M20210729_212417_FO_P.jpg,1,0.9563286304473877,0.5595375299453735,0.6811183094978333,0.8761717677116394
M20210729_214500_FO_P.jpg,1,0.9552561640739441,0.40834808349609375,0.4945090413093567,0.3724157214164734
M20210729_221655_FO_P.jpg,1,0.9146779179573059,0.31224456429481506,0.3612097501754761,0.42719900608062744
M20210729_221942_FO_P.jpg,1,0.9881482720375061,0.4834800064563751,0.6146469116210938,0.8189159631729126
M20210729_222052_FO_P.jpg,1,0.9795055389404297,0.42164376378059387,0.49934032559394836,0.8455333113670349
M20210729_223123_FO_P.jpg,1,0.9874005913734436,0.5600403547286987,0.5521203279495239,0.7293243408203125
M20210729_224345_FO_P.jpg,1,0.9827151894569397,0.39906108379364014,0.43391621112823486,0.8280473947525024
M20210729_230613_FO_P.jpg,1,0.9740458130836487,0.574549674987793,0.614497721195221,0.7455747127532959
M20210729_231812_FO_P.jpg,1,0.961075484752655,0.3738219439983368,0.4121377766132355,0.4505450427532196
M20210729_233817_FO_P.jpg,1,0.8602035045623779,0.3706110417842865,0.4751175045967102,0.35651376843452454
M20210729_233930_FO_P.jpg,1,0.9745824337005615,0.38743856549263,0.431258887052536,0.47218620777130127
M20210729_234133_FO_P.jpg,1,0.9648454785346985,0.44549548625946045,0.5220576524734497,0.5500252842903137
M20210729_234315_FO_P.jpg,1,0.9393162727355957,0.6866310834884644,0.7385436296463013,0.42116788029670715
M20210729_234903_FO_P.jpg,1,0.9770956039428711,0.48181670904159546,0.46021372079849243,0.47169390320777893
M20210730_001344_FO_P.jpg,1,0.9744793772697449,0.4200085699558258,0.4013180434703827,0.7988623976707458
M20210730_002341_FO_P.jpg,1,0.9376102089881897,0.5145584344863892,0.6298476457595825,0.6237389445304871
M20210730_002843_FO_P.jpg,1,0.929260790348053,0.34644314646720886,0.419179767370224,0.32908397912979126
M20210730_003539_FO_P.jpg,1,0.9887682795524597,0.5074793100357056,0.4874603748321533,0.3891594111919403
M20210730_004135_FO_P.jpg,1,0.9617382287979126,0.5399212837219238,0.5724489688873291,0.4478262662887573
M20210730_004529_FO_P.jpg,1,0.978510856628418,0.604101836681366,0.623583197593689,0.4861069619655609
M20210730_004736_FO_P.jpg,1,0.9949287176132202,0.5979496240615845,0.5741252303123474,0.6850054860115051
M20210730_005155_FO_P.jpg,1,0.9924977421760559,0.6061499118804932,0.6403284072875977,0.7528342604637146
M20210730_005445_FO_P.jpg,1,0.990793764591217,0.5894347429275513,0.5943918228149414,0.6761968731880188
M20210730_011305_FO_P.jpg,1,0.9862937927246094,0.42859387397766113,0.41802850365638733,0.7252511978149414
M20210730_014253_FO_P.jpg,1,0.985815167427063,0.35727089643478394,0.3465692102909088,0.8223419189453125
M20210730_015244_FO_P.jpg,1,0.9484325647354126,0.4732489287853241,0.48346632719039917,0.4855237901210785
M20210730_015459_FO_P.jpg,1,0.9235110282897949,0.4822939336299896,0.4776241183280945,0.2597859799861908
M20210730_200212_FO_P.jpg,1,0.9441023468971252,0.3638210892677307,0.43042808771133423,0.7525641322135925
M20210730_200532_FO_P.jpg,1,0.9071811437606812,0.44645407795906067,0.5257844924926758,0.5840297341346741
M20210730_201144_FO_P.jpg,1,0.9806488752365112,0.6699696183204651,0.6193535923957825,0.7785043120384216
M20210730_201236_FO_P.jpg,1,0.8642315864562988,0.33013835549354553,0.35392698645591736,0.753762423992157
M20210730_201241_FO_P.jpg,1,0.9638217091560364,0.42278021574020386,0.5362057089805603,0.7493573427200317
M20210730_202345_FO_P.jpg,1,0.942962646484375,0.30839502811431885,0.4341140389442444,0.802763044834137
M20210730_202455_FO_P.jpg,1,0.7392048835754395,0.3430968225002289,0.4286966025829315,0.37602534890174866
M20210730_203400_FO_P.jpg,1,0.8424680233001709,0.39482906460762024,0.4184044599533081,0.6217453479766846
M20210730_203844_FO_P.jpg,1,0.9218025803565979,0.31264030933380127,0.35063672065734863,0.8958970904350281
M20210730_205442_FO_P.jpg,1,0.8317916393280029,0.4601024389266968,0.36830028891563416,0.3436029553413391
M20210730_210156_FO_P.jpg,1,0.8868671655654907,0.4471185803413391,0.47056886553764343,0.5752082467079163
M20210730_211028_FO_P.jpg,1,0.9708926677703857,0.6420572996139526,0.6780224442481995,0.7634224891662598
M20210730_213558_FO_P.jpg,1,0.9444224834442139,0.4053047299385071,0.467384934425354,0.44097772240638733
M20210730_220826_FO_P.jpg,1,0.9586099982261658,0.6676153540611267,0.7225980162620544,0.3909994959831238
M20210730_225029_FO_P.jpg,1,0.8655643463134766,0.4063008725643158,0.3923022747039795,0.6069689989089966
M20210731_203734_FO_P.jpg,1,0.9819492697715759,0.4175029695034027,0.44993317127227783,0.668732762336731
M20210801_195851_FO_P.jpg,1,0.8815096616744995,0.34728190302848816,0.3939721882343292,0.7683253288269043
M20210801_195937_FO_P.jpg,1,0.9636076092720032,0.324831485748291,0.36011844873428345,0.8440215587615967
M20210801_202725_FO_P.jpg,1,0.9610136151313782,0.3241441547870636,0.3847324550151825,0.9011167883872986
M20210801_204821_FO_P.jpg,1,0.9334137439727783,0.36209774017333984,0.4467538595199585,0.7285211086273193
M20210801_210311_FO_P.jpg,1,0.8758624196052551,0.41985026001930237,0.5001473426818848,0.659570038318634
M20210801_211108_FO_P.jpg,1,0.9668886661529541,0.44071945548057556,0.5729665756225586,0.8765985369682312
M20210801_211754_FO_P.jpg,1,0.9259006381034851,0.3141119182109833,0.3926914930343628,0.7083035707473755
M20210801_213048_FO_P.jpg,1,0.9525107741355896,0.5921612977981567,0.6792894601821899,0.8217215538024902
M20210802_000510_FO_P.jpg,1,0.878187894821167,0.6407233476638794,0.6801362037658691,0.8377931118011475
M20210802_004059_FO_P.jpg,1,0.9199768900871277,0.5645200610160828,0.6838728785514832,0.9295735359191895
M20210802_004954_FO_P.jpg,1,0.9508441686630249,0.4854661822319031,0.5736520290374756,0.8626384139060974
M20210802_012822_FO_P.jpg,1,0.8108605742454529,0.3688089847564697,0.48937705159187317,0.6663222312927246
M20210802_014725_FO_P.jpg,1,0.8657335042953491,0.4661886692047119,0.4959941506385803,0.25473883748054504
M20210802_195258_FO_P.jpg,1,0.8946520090103149,0.3905373513698578,0.4703933894634247,0.4445156753063202
M20210802_200557_FO_P.jpg,1,0.9682422876358032,0.4130859375,0.48964008688926697,0.8671965599060059
M20210802_201151_FO_P.jpg,1,0.7719555497169495,0.0,0.0,0.2636517882347107
M20210802_202521_FO_P.jpg,1,0.9199008345603943,0.3575569689273834,0.4163956642150879,0.8335998058319092
M20210802_202636_FO_P.jpg,1,0.9702746272087097,0.31155434250831604,0.34730175137519836,0.9458404779434204
M20210802_202941_FO_P.jpg,1,0.9913732409477234,0.3107820153236389,0.3822965919971466,0.889357328414917
M20210802_203118_FO_P.jpg,1,0.9846568703651428,0.3495980501174927,0.44687172770500183,0.5540727376937866
M20210802_204238_FO_P.jpg,1,0.9665200114250183,0.6840267181396484,0.6161351799964905,0.6776696443557739
M20210802_205447_FO_P.jpg,1,0.9398755431175232,0.308424174785614,0.3828999698162079,0.9323931932449341
M20210802_210157_FO_P.jpg,1,0.9812377095222473,0.5490351319313049,0.6846761703491211,0.11695124953985214
M20210802_210441_FO_P.jpg,1,0.9600401520729065,0.6605708003044128,0.721343457698822,0.3636380732059479
M20210802_211109_FO_P.jpg,1,0.982824444770813,0.4329761564731598,0.5267446637153625,0.9245601296424866
M20210802_211625_FO_P.jpg,1,0.8814771175384521,0.33893901109695435,0.3930886685848236,0.5350341200828552
M20210802_211720_FO_P.jpg,1,0.9572360515594482,0.3427879512310028,0.4371868669986725,0.7211729288101196
M20210802_213632_FO_P.jpg,1,0.8985495567321777,0.31488871574401855,0.3915792405605316,0.7752438187599182
M20210802_213727_FO_P.jpg,1,0.9824687242507935,0.3214832544326782,0.3749518394470215,0.9198206663131714
M20210802_213912_FO_P.jpg,1,0.9800235033035278,0.39147019386291504,0.4982368052005768,0.5755631923675537
M20210802_215819_FO_P.jpg,1,0.9219659566879272,0.5172327756881714,0.6680377721786499,0.6588695645332336
M20210802_220620_FO_P.jpg,1,0.9809634685516357,0.3721785247325897,0.47419285774230957,0.6903972029685974
M20210802_220722_FO_P.jpg,1,0.9571712613105774,0.6206603646278381,0.6173555254936218,0.5263792872428894
M20210802_221836_FO_P.jpg,1,0.9787991046905518,0.4756164848804474,0.5672556161880493,0.9689218997955322
M20210802_222205_FO_P.jpg,1,0.9311944842338562,0.31030985713005066,0.45153626799583435,0.5177134871482849
M20210802_222842_FO_P.jpg,1,0.9703747034072876,0.41799771785736084,0.5429960489273071,0.8757333755493164
M20210802_223526_FO_P.jpg,1,0.8209229707717896,0.3340982496738434,0.4204959273338318,0.35784912109375
M20210802_224707_FO_P.jpg,1,0.975343644618988,0.6644151210784912,0.7463942766189575,0.8699673414230347
M20210802_224734_FO_P.jpg,1,0.827949583530426,0.0,0.0,0.1447751671075821
M20210802_225155_FO_P.jpg,1,0.9601274132728577,0.3147294819355011,0.33318620920181274,0.9313121438026428
M20210802_225547_FO_P.jpg,1,0.9811360239982605,0.4052062928676605,0.42213353514671326,0.7083252668380737
M20210802_230310_FO_P.jpg,1,0.9554271101951599,0.30842530727386475,0.38473471999168396,0.6328206062316895
M20210802_230430_FO_P.jpg,1,0.8504552245140076,0.0,0.42369958758354187,0.5597670674324036
M20210802_230933_FO_P.jpg,1,0.9955090284347534,0.4314962327480316,0.5309121012687683,0.9250310659408569
M20210802_231118_FO_P.jpg,1,0.9154490828514099,0.42122212052345276,0.4520987272262573,0.1530371606349945
M20210802_231241_FO_P.jpg,1,0.9582943916320801,0.3632362186908722,0.44973036646842957,0.5464898943901062
M20210802_232543_FO_P.jpg,1,0.9803720116615295,0.37800323963165283,0.4330548346042633,0.7625275254249573
M20210802_232913_FO_P.jpg,1,0.9473573565483093,0.38094446063041687,0.46455618739128113,0.6283788681030273
M20210802_233334_FO_P.jpg,1,0.8566640615463257,0.33493489027023315,0.4268985986709595,0.6763436794281006
M20210802_233431_FO_P.jpg,1,0.9467199444770813,0.3710933327674866,0.4726142883300781,0.7519611716270447
M20210802_234623_FO_P.jpg,1,0.9889453053474426,0.4871818423271179,0.565855860710144,0.8476055264472961
M20210802_235157_FO_P.jpg,1,0.9642575979232788,0.4424220621585846,0.47848933935165405,0.8447592258453369
M20210802_235220_FO_P.jpg,1,0.9640708565711975,0.38078179955482483,0.46978965401649475,0.7544191479682922
M20210803_000035_FO_P.jpg,1,0.9560701251029968,0.4267284870147705,0.4412154257297516,0.8387018442153931
M20210803_002208_FO_P.jpg,1,0.968578577041626,0.4114381670951843,0.5289851427078247,0.6022812724113464
M20210803_002418_FO_P.jpg,1,0.8132246136665344,0.3578551411628723,0.4089358448982239,0.0842413529753685
M20210803_002447_FO_P.jpg,1,0.9242019653320312,0.4604954421520233,0.5380086898803711,0.8844413757324219
M20210803_002615_FO_P.jpg,1,0.9762787818908691,0.3282283544540405,0.38940319418907166,0.8362493515014648
M20210803_003502_FO_P.jpg,1,0.9808397889137268,0.3793342411518097,0.4622889757156372,0.8631731867790222
M20210803_003646_FO_P.jpg,1,0.8817856907844543,0.3261822760105133,0.37023618817329407,0.47281596064567566
M20210803_003858_FO_P.jpg,1,0.843283474445343,0.2989230453968048,0.25472983717918396,0.12522201240062714
M20210803_005548_FO_P.jpg,1,0.9679574966430664,0.33501136302948,0.38865453004837036,0.7736290693283081
M20210803_010948_FO_P.jpg,1,0.9492709040641785,0.37510359287261963,0.4494439661502838,0.5365369319915771
M20210803_011023_FO_P.jpg,1,0.8775215148925781,0.4535380005836487,0.5335467457771301,0.7172857522964478
M20210803_011701_FO_P.jpg,1,0.9543380737304688,0.3928880989551544,0.4006907343864441,0.8383418917655945
M20210803_011833_FO_P.jpg,1,0.993228018283844,0.49692732095718384,0.6258039474487305,0.661055326461792
M20210803_013155_FO_P.jpg,1,0.9789697527885437,0.46523234248161316,0.6090324521064758,0.8370377421379089
M20210803_013903_FO_P.jpg,1,0.9904062151908875,0.47994351387023926,0.5836091041564941,0.6496458053588867
M20210803_013941_FO_P.jpg,1,0.9821555018424988,0.4121958017349243,0.43127700686454773,0.8485497832298279
M20210803_015550_FO_P.jpg,1,0.7879937291145325,0.3312060832977295,0.3985973000526428,0.17606276273727417
M20210804_000047_FO_P.jpg,1,0.9417844414710999,0.639571487903595,0.7022488713264465,0.8468393683433533
M20210804_000329_FO_P.jpg,1,0.9842701554298401,0.4747125208377838,0.5821003317832947,0.8879857659339905
M20210804_000852_FO_P.jpg,1,0.9003475308418274,0.37852516770362854,0.43891414999961853,0.7948077917098999
M20210804_001554_FO_P.jpg,1,0.6265500783920288,0.40771523118019104,0.4275866150856018,0.19196005165576935
M20210804_002446_FO_P.jpg,1,0.9802858829498291,0.5538805723190308,0.6292702555656433,0.9481854438781738
M20210804_003147_FO_P.jpg,1,0.7090638279914856,0.0,0.0,0.044259462505578995
M20210804_004102_FO_P.jpg,1,0.8200678825378418,0.4577498733997345,0.5380262136459351,0.5859901905059814
M20210804_005340_FO_P.jpg,1,0.7792506217956543,0.6750662326812744,0.7299366593360901,0.8191278576850891
M20210804_005708_FO_P.jpg,1,0.9242230653762817,0.26986145973205566,0.26741909980773926,0.6069656014442444
M20210804_010805_FO_P.jpg,1,0.8746381402015686,0.5292925834655762,0.6304126977920532,0.8679590225219727
M20210804_011336_FO_P.jpg,1,0.9707040786743164,0.5099420547485352,0.6031965017318726,0.9294214844703674
M20210804_011440_FO_P.jpg,1,0.9839057326316833,0.5932179093360901,0.6474871039390564,0.9127729535102844
M20210804_011610_FO_P.jpg,1,0.8457827568054199,0.3792441785335541,0.4727732241153717,0.8250092267990112
M20210804_012102_FO_P.jpg,1,0.9727391600608826,0.610814094543457,0.5467348694801331,0.8231319785118103
M20210804_013425_FO_P.jpg,1,0.9244434833526611,0.43819698691368103,0.4525519609451294,0.8966729640960693
M20210804_014329_FO_P.jpg,1,0.917953610420227,0.42587992548942566,0.4448501169681549,0.8541182279586792
M20210804_014951_FO_P.jpg,1,0.504252016544342,0.39457911252975464,0.3146015405654907,0.26114925742149353
M20210804_015639_FO_P.jpg,1,0.886422336101532,0.6354212760925293,0.6774044632911682,0.7044680118560791
M20210804_015823_FO_P.jpg,1,0.7931481599807739,0.3756730258464813,0.5083288550376892,0.7180681228637695
M20210804_020523_FO_P.jpg,1,0.9783385396003723,0.4067126512527466,0.4856087267398834,0.6611840724945068
M20211028_195808_AMOS-CE_P.jpg,1,0.9431578516960144,0.31848031282424927,0.369933158159256,0.9251152276992798
M20211028_195927_AMOS-CE_P.jpg,1,0.9890024662017822,0.3293742835521698,0.4271220266819,0.982774555683136
M20211028_201231_AMOS-CE_P.jpg,1,0.9521890878677368,0.3304380178451538,0.4476543962955475,0.9710108041763306
M20211028_201803_AMOS-CE_P.jpg,1,0.9377126097679138,0.4702928066253662,0.542359471321106,0.9110828042030334
M20211028_202034_AMOS-CE_P.jpg,1,0.8764073252677917,0.40728649497032166,0.46007972955703735,0.9180428981781006
M20211028_214641_AMOS-CE_P.jpg,1,0.9744745492935181,0.3492637872695923,0.44310131669044495,0.9629433751106262
M20211028_221113_AMOS-CE_P.jpg,1,0.9427241086959839,0.6419097185134888,0.5694028735160828,0.7793818116188049
M20211028_221627_AMOS-CE_P.jpg,1,0.9154509902000427,0.414433091878891,0.5583289861679077,0.9645079374313354
M20211028_224518_AMOS-CE_P.jpg,1,0.935138463973999,0.4450165331363678,0.5694656372070312,0.7094509601593018
M20211028_224613_AMOS-CE_P.jpg,1,0.9777913689613342,0.68993079662323,0.7352449297904968,0.9347383379936218
M20211028_235937_AMOS-CE_P.jpg,1,0.9814729690551758,0.5684744715690613,0.6654588580131531,0.6098799109458923
M20211029_010351_AMOS-CE_P.jpg,1,0.6303629279136658,0.3523290753364563,0.4048818349838257,0.3100253641605377
M20211029_011758_AMOS-CE_P.jpg,1,0.9130877256393433,0.5315139889717102,0.6010105013847351,0.5194380879402161
M20211029_013630_AMOS-CE_P.jpg,1,0.9244959354400635,0.34621694684028625,0.4362095594406128,0.33525392413139343
M20211029_014559_AMOS-CE_P.jpg,1,0.8881596326828003,0.6001456379890442,0.6924014091491699,0.5318756103515625
M20211029_021209_AMOS-CE_P.jpg,1,0.9265570044517517,0.5564401745796204,0.6298828125,0.7622509002685547
M20211029_024801_AMOS-CE_P.jpg,1,0.912501871585846,0.4164435863494873,0.47613525390625,0.4841555058956146
M20211029_033140_AMOS-CE_P.jpg,1,0.8509842753410339,0.41605454683303833,0.5005989074707031,0.22524206340312958
M20211029_165318_AMOS-CE_P.jpg,1,0.9470557570457458,0.38220277428627014,0.4540548622608185,0.9340935945510864
M20211029_181920_AMOS-CE_P.jpg,1,0.7843904495239258,0.37931323051452637,0.46496713161468506,0.9425991177558899
M20211029_183132_AMOS-CE_P.jpg,1,0.9641096591949463,0.6617743372917175,0.7474996447563171,0.9422510862350464
M20211029_193314_AMOS-CE_P.jpg,1,0.932611882686615,0.6423323750495911,0.6926750540733337,0.9722012281417847
M20211029_201353_AMOS-CE_P.jpg,1,0.9427807927131653,0.31771746277809143,0.3877165913581848,0.9728306531906128
M20211029_210417_AMOS-CE_P.jpg,1,0.9730428457260132,0.4346327781677246,0.5793007016181946,0.9758816957473755
M20211029_210846_AMOS-CE_P.jpg,1,0.7281500697135925,0.3467188775539398,0.42053496837615967,0.7920849919319153
M20211029_213535_AMOS-CE_P.jpg,1,0.9746798276901245,0.4055863618850708,0.5593276619911194,0.979290246963501
M20211029_214840_AMOS-CE_P.jpg,1,0.9525284767150879,0.3728913366794586,0.43514445424079895,0.9700621962547302
M20211029_215603_AMOS-CE_P.jpg,1,0.9541445374488831,0.6491382122039795,0.7196253538131714,0.9827871322631836
M20211029_220027_AMOS-CE_P.jpg,1,0.9267460703849792,0.4225592017173767,0.4808325171470642,0.93556147813797
M20211029_222140_AMOS-CE_P.jpg,1,0.9611945152282715,0.33694374561309814,0.4326234757900238,0.9874849915504456
M20211029_224642_AMOS-CE_P.jpg,1,0.9668252468109131,0.391601026058197,0.49203139543533325,0.9827989935874939
M20211029_231352_AMOS-CE_P.jpg,1,0.48226267099380493,0.30040422081947327,0.0,0.2503877580165863
M20211029_232042_AMOS-CE_P.jpg,1,0.9896450042724609,0.4524189829826355,0.5779404640197754,0.9645103812217712
M20211029_232717_AMOS-CE_P.jpg,1,0.9021291136741638,0.6029077768325806,0.6414332389831543,0.8342741131782532
M20211030_002331_AMOS-CE_P.jpg,1,0.9882965683937073,0.3962201476097107,0.5730989575386047,0.9837544560432434
M20211030_002419_AMOS-CE_P.jpg,1,0.9649162888526917,0.3287144601345062,0.4030073583126068,0.8985371589660645
M20211030_003303_AMOS-CE_P.jpg,1,0.9810876846313477,0.5070469379425049,0.6619126200675964,0.9735181331634521
M20211030_003832_AMOS-CE_P.jpg,1,0.9573138356208801,0.4195100963115692,0.5078766942024231,0.9688867330551147
M20211030_011123_AMOS-CE_P.jpg,1,0.6674467921257019,0.30420544743537903,0.30328574776649475,0.8485901355743408
M20211030_011820_AMOS-CE_P.jpg,1,0.9396857023239136,0.337615042924881,0.39503151178359985,0.8527117371559143
M20211030_012027_AMOS-CE_P.jpg,1,0.7186606526374817,0.0,0.2519627511501312,0.14807343482971191
M20211030_012102_AMOS-CE_P.jpg,1,0.961605966091156,0.39975059032440186,0.49734213948249817,0.9441460967063904
M20211030_012548_AMOS-CE_P.jpg,1,0.9345005750656128,0.5500956773757935,0.5981226563453674,0.9733676314353943
M20211030_013731_AMOS-CE_P.jpg,1,0.8832641839981079,0.38780418038368225,0.0,0.824359655380249
M20211030_020627_AMOS-CE_P.jpg,1,0.9811131954193115,0.37543442845344543,0.5343422293663025,0.8599495887756348
M20211030_022056_AMOS-CE_P.jpg,1,0.8676509261131287,0.3168521821498871,0.40442854166030884,0.6695705652236938
M20211030_024441_AMOS-CE_P.jpg,1,0.9614688158035278,0.42634060978889465,0.47585782408714294,0.8010221719741821
M20211030_033102_AMOS-CE_P.jpg,1,0.9194525480270386,0.3177683353424072,0.41390669345855713,0.8521764874458313
M20211030_041351_AMOS-CE_P.jpg,1,0.7941943407058716,0.4134659767150879,0.5473408102989197,0.7497701048851013
M20211030_170450_AMOS-CE_P.jpg,1,0.9520156979560852,0.5048873424530029,0.6624413132667542,0.9224027991294861
M20211030_172431_AMOS-CE_P.jpg,1,0.9650824069976807,0.37707194685935974,0.45617660880088806,0.9642781019210815
M20211030_182002_AMOS-CE_P.jpg,1,0.8612098693847656,0.35231444239616394,0.4604552090167999,0.9239696860313416
M20211030_182327_AMOS-CE_P.jpg,1,0.940318763256073,0.6992909908294678,0.6915884613990784,0.9626462459564209
M20211030_183433_AMOS-CE_P.jpg,1,0.9335404634475708,0.5422194004058838,0.5624081492424011,0.9344696402549744
M20211030_183616_AMOS-CE_P.jpg,1,0.8604737520217896,0.44354018568992615,0.5143566131591797,0.8117929697036743
M20211030_185705_AMOS-CE_P.jpg,1,0.8670812845230103,0.5765830874443054,0.6659404635429382,0.8817899227142334
M20211030_205054_AMOS-CE_P.jpg,1,0.9544121623039246,0.48740825057029724,0.5970056056976318,0.9367174506187439
M20211030_211711_AMOS-CE_P.jpg,1,0.7126850485801697,0.0,0.0,0.9095121622085571
M20211030_212444_AMOS-CE_P.jpg,1,0.7156607508659363,0.337417870759964,0.4127715826034546,0.8529794216156006
M20211030_214047_AMOS-CE_P.jpg,1,0.787199854850769,0.3857436180114746,0.5198515057563782,0.9422855973243713
M20211030_221719_AMOS-CE_P.jpg,1,0.5632413625717163,0.33048567175865173,0.43420717120170593,0.5085963010787964
M20211030_221724_AMOS-CE_P.jpg,1,0.9783626794815063,0.5116868019104004,0.6257378458976746,0.9576167464256287
M20211030_221905_AMOS-CE_P.jpg,1,0.9462965726852417,0.6083671450614929,0.7064759731292725,0.9345750212669373
M20211030_224050_AMOS-CE_P.jpg,1,0.9839769601821899,0.40755772590637207,0.4993194043636322,0.9778996706008911
M20211030_231127_AMOS-CE_P.jpg,1,0.9074452519416809,0.38364604115486145,0.5150356292724609,0.9021466374397278
M20211030_231833_AMOS-CE_P.jpg,1,0.9731336832046509,0.4990820586681366,0.5967044234275818,0.9129766225814819
M20211030_232955_AMOS-CE_P.jpg,1,0.9770783185958862,0.4576178193092346,0.5874953866004944,0.8585392236709595
M20211030_235610_AMOS-CE_P.jpg,1,0.6697528958320618,0.3204812705516815,0.40173500776290894,0.5289053320884705
M20211030_235920_AMOS-CE_P.jpg,1,0.8012112975120544,0.41413068771362305,0.5379937291145325,0.9295438528060913
M20211031_002126_AMOS-CE_P.jpg,1,0.8949522972106934,0.45202532410621643,0.5709042549133301,0.969050943851471
M20211031_002442_AMOS-CE_P.jpg,1,0.8905085325241089,0.3841584324836731,0.4438589811325073,0.31111887097358704
M20211031_010359_AMOS-CE_P.jpg,1,0.8166239857673645,0.4063853621482849,0.414916455745697,0.8336408138275146
M20211031_013924_AMOS-CE_P.jpg,1,0.9381111860275269,0.32211846113204956,0.36877524852752686,0.9234693646430969
M20211031_013958_AMOS-CE_P.jpg,1,0.9645804762840271,0.38892656564712524,0.46813449263572693,0.8329320549964905
M20211031_032824_AMOS-CE_P.jpg,1,0.7994939088821411,0.42207789421081543,0.46873006224632263,0.7412548661231995
M20211031_164452_AMOS-CE_P.jpg,1,0.9066210389137268,0.34493112564086914,0.4201871156692505,0.31031209230422974
M20211031_190926_AMOS-CE_P.jpg,1,0.6547123193740845,0.40539804100990295,0.439012736082077,0.8846969604492188
M20211031_192421_AMOS-CE_P.jpg,1,0.8553159832954407,0.36058786511421204,0.49901750683784485,0.9338727593421936
M20211031_193917_AMOS-CE_P.jpg,1,0.8710760474205017,0.3855488896369934,0.4506342113018036,0.9041168093681335
M20211031_202913_AMOS-CE_P.jpg,1,0.937049925327301,0.6026674509048462,0.6605437994003296,0.9743451476097107
M20211031_203520_AMOS-CE_P.jpg,1,0.9453381896018982,0.3854742646217346,0.38520556688308716,0.9136484265327454
M20211031_212503_AMOS-CE_P.jpg,1,0.9721009135246277,0.6622362732887268,0.7140568494796753,0.9468769431114197
M20211031_222027_AMOS-CE_P.jpg,1,0.9640482664108276,0.5541149377822876,0.55855393409729,0.9297749400138855
M20211031_222823_AMOS-CE_P.jpg,1,0.9886194467544556,0.6694963574409485,0.706042468547821,0.9596515893936157
M20211031_222947_AMOS-CE_P.jpg,1,0.98482346534729,0.3214358687400818,0.3983248472213745,0.9630623459815979
M20211031_223644_AMOS-CE_P.jpg,1,0.8934145569801331,0.0,0.291193425655365,0.8065314888954163
M20211031_224114_AMOS-CE_P.jpg,1,0.851450502872467,0.4584164321422577,0.5553159117698669,0.9468238949775696
M20211031_230429_AMOS-CE_P.jpg,1,0.9848371148109436,0.6775703430175781,0.7321330308914185,0.9770545959472656
M20211031_233112_AMOS-CE_P.jpg,1,0.8744099140167236,0.0,0.3784368634223938,0.7937551736831665
M20211031_233133_AMOS-CE_P.jpg,1,0.9798713326454163,0.32642996311187744,0.4073580205440521,0.9246097803115845
M20211101_000453_AMOS-CE_P.jpg,1,0.7596452832221985,0.2599785625934601,0.3409101963043213,0.20496857166290283
M20211101_002401_AMOS-CE_P.jpg,1,0.9084655046463013,0.48333367705345154,0.6474573016166687,0.9613533616065979
M20211101_013212_AMOS-CE_P.jpg,1,0.9648075699806213,0.3264010548591614,0.4500696063041687,0.8841482996940613
M20211101_014647_AMOS-CE_P.jpg,1,0.942643940448761,0.374424010515213,0.4468328356742859,0.8961820602416992
M20211101_022100_AMOS-CE_P.jpg,1,0.8334376811981201,0.3827572762966156,0.558340847492218,0.8800933361053467
M20211101_022623_AMOS-CE_P.jpg,1,0.9032989144325256,0.30906572937965393,0.4251954257488251,0.9395844340324402
M20211101_024554_AMOS-CE_P.jpg,1,0.8291947841644287,0.3410360813140869,0.43433550000190735,0.8164079189300537
M20211101_025101_AMOS-CE_P.jpg,1,0.878333568572998,0.3099815547466278,0.40581002831459045,0.9426631927490234
M20211101_025255_AMOS-CE_P.jpg,1,0.8512675166130066,0.4633309245109558,0.5810551643371582,0.7626261711120605
M20211101_033149_AMOS-CE_P.jpg,1,0.8810981512069702,0.34219011664390564,0.3985167145729065,0.8342162370681763
M20211101_033546_AMOS-CE_P.jpg,1,0.9193807244300842,0.4578072726726532,0.2906701862812042,0.9244160652160645
M20211101_034048_AMOS-CE_P.jpg,1,0.9347459077835083,0.5614740252494812,0.6610803008079529,0.7283568978309631
M20211101_035602_AMOS-CE_P.jpg,1,0.7115656733512878,0.38729292154312134,0.5314544439315796,0.7397914528846741
M20211101_040510_AMOS-CE_P.jpg,1,0.9443279504776001,0.3282626271247864,0.37462949752807617,0.9744082093238831
M20211101_040635_AMOS-CE_P.jpg,1,0.8753625154495239,0.6028684973716736,0.645269513130188,0.8877052068710327
M20211101_040955_AMOS-CE_P.jpg,1,0.7887963056564331,0.3216957747936249,0.4416125416755676,0.6322906017303467
M20211101_042052_AMOS-CE_P.jpg,1,0.7683444619178772,0.3759344816207886,0.43160489201545715,0.5613188147544861
M20211102_185430_AMOS-CE_P.jpg,1,0.8923466205596924,0.41573888063430786,0.5540068745613098,0.8124691843986511
M20211102_185823_AMOS-CE_P.jpg,1,0.9042552709579468,0.7083647847175598,0.7087903022766113,0.9014672636985779
M20211102_191827_AMOS-CE_P.jpg,1,0.9403426647186279,0.5569720268249512,0.6211290955543518,0.8460727334022522
M20211102_194047_AMOS-CE_P.jpg,1,0.9615781903266907,0.40219828486442566,0.39913228154182434,0.9271358847618103
M20211102_204555_AMOS-CE_P.jpg,1,0.9872389435768127,0.5665440559387207,0.6606764793395996,0.965115487575531
M20211102_204714_AMOS-CE_P.jpg,1,0.9274634122848511,0.5576475262641907,0.4839961528778076,0.9339708685874939
M20211102_210559_AMOS-CE_P.jpg,1,0.8972176313400269,0.3689432442188263,0.4570576846599579,0.7905769348144531
M20211102_223010_AMOS-CE_P.jpg,1,0.9650570750236511,0.46751078963279724,0.5899217128753662,0.8485854864120483
M20211102_223407_AMOS-CE_P.jpg,1,0.8883754014968872,0.40087372064590454,0.44433143734931946,0.7987310886383057
M20211102_223802_AMOS-CE_P.jpg,1,0.9699462056159973,0.6686710715293884,0.5758569240570068,0.9631770849227905
M20211102_232509_AMOS-CE_P.jpg,1,0.6909717917442322,0.4992946684360504,0.6226698160171509,0.8196176290512085
M20211102_233230_AMOS-CE_P.jpg,1,0.928703248500824,0.31511345505714417,0.39354971051216125,0.9513569474220276
M20211102_233658_AMOS-CE_P.jpg,1,0.9169546365737915,0.7088748216629028,0.692300021648407,0.806977391242981
M20211102_234019_AMOS-CE_P.jpg,1,0.8727874159812927,0.3450183570384979,0.4287547767162323,0.6864491701126099
M20211102_234654_AMOS-CE_P.jpg,1,0.9308590888977051,0.38477155566215515,0.4443523585796356,0.9124463200569153
M20211102_235036_AMOS-CE_P.jpg,1,0.927087664604187,0.444105327129364,0.5381709337234497,0.9484976530075073
M20211102_235249_AMOS-CE_P.jpg,1,0.8896945714950562,0.34819933772087097,0.44195619225502014,0.9147228598594666
M20211103_000814_AMOS-CE_P.jpg,1,0.9008275270462036,0.46425896883010864,0.4147094786167145,0.8605195879936218
M20211103_001237_AMOS-CE_P.jpg,1,0.9331270456314087,0.6249593496322632,0.7104780077934265,0.8944427371025085
M20211103_001828_AMOS-CE_P.jpg,1,0.810401976108551,0.3354080021381378,0.41946983337402344,0.7284231781959534
M20211103_002451_AMOS-CE_P.jpg,1,0.8624045252799988,0.5993205308914185,0.6253952383995056,0.8869906663894653
M20211103_002825_AMOS-CE_P.jpg,1,0.9476466774940491,0.41283974051475525,0.6112197041511536,0.9686776399612427
M20211103_003240_AMOS-CE_P.jpg,1,0.8997420072555542,0.36964163184165955,0.5062836408615112,0.883752703666687
M20211103_004743_AMOS-CE_P.jpg,1,0.9316162467002869,0.3906434178352356,0.5138648748397827,0.9361963868141174
M20211103_005549_AMOS-CE_P.jpg,1,0.9083735346794128,0.4016340672969818,0.3869316279888153,0.8973906636238098
M20211103_011827_AMOS-CE_P.jpg,1,0.8360166549682617,0.3947272300720215,0.5630159974098206,0.7875312566757202
M20211103_012450_AMOS-CE_P.jpg,1,0.8939607739448547,0.3162936866283417,0.3694084882736206,0.8825433254241943
M20211103_012658_AMOS-CE_P.jpg,1,0.9287542700767517,0.3264385461807251,0.3957737982273102,0.8705885410308838
M20211103_012827_AMOS-CE_P.jpg,1,0.894914984703064,0.3534577190876007,0.46219462156295776,0.942405104637146
M20211103_012849_AMOS-CE_P.jpg,1,0.9448798894882202,0.3287487030029297,0.3921414315700531,0.954170823097229
M20211103_013341_AMOS-CE_P.jpg,1,0.9043580293655396,0.680766224861145,0.5838196277618408,0.7856520414352417
M20211103_013416_AMOS-CE_P.jpg,1,0.6737247109413147,0.4230692982673645,0.5207571983337402,0.7220675349235535
M20211103_014023_AMOS-CE_P.jpg,1,0.7788001894950867,0.4434666037559509,0.5014593601226807,0.8836764693260193
M20211103_015321_AMOS-CE_P.jpg,1,0.966533362865448,0.4533627927303314,0.5889307856559753,0.9338968396186829
M20211103_015704_AMOS-CE_P.jpg,1,0.6038153767585754,0.38400396704673767,0.5042212009429932,0.6246778964996338
M20211103_020155_AMOS-CE_P.jpg,1,0.8127034306526184,0.33622127771377563,0.45221590995788574,0.9147984981536865
M20211103_020507_AMOS-CE_P.jpg,1,0.9694189429283142,0.3078297972679138,0.35129716992378235,0.9851036667823792
M20211103_021700_AMOS-CE_P.jpg,1,0.9360715746879578,0.30758148431777954,0.36865726113319397,0.9561712741851807
M20211103_022101_AMOS-CE_P.jpg,1,0.6775936484336853,0.3066406846046448,0.3571973741054535,0.2951526939868927
M20211103_022355_AMOS-CE_P.jpg,1,0.8507274985313416,0.3027563691139221,0.4172903597354889,0.539300799369812
M20211103_022759_AMOS-CE_P.jpg,1,0.9010117053985596,0.44019612669944763,0.5906165242195129,0.9072768092155457
M20211103_023100_AMOS-CE_P.jpg,1,0.8858524560928345,0.43008577823638916,0.540920078754425,0.9292299151420593
M20211103_023506_AMOS-CE_P.jpg,1,0.916832447052002,0.37879735231399536,0.48422759771347046,0.783135712146759
M20211103_023549_AMOS-CE_P.jpg,1,0.9096679091453552,0.6663383841514587,0.6045724153518677,0.872998833656311
M20211103_032346_AMOS-CE_P.jpg,1,0.8921010494232178,0.47564345598220825,0.603034496307373,0.938068151473999
M20211103_032451_AMOS-CE_P.jpg,1,0.8755989074707031,0.39011886715888977,0.46249523758888245,0.8618980646133423
M20211103_032616_AMOS-CE_P.jpg,1,0.881731390953064,0.3055818974971771,0.38397204875946045,0.9149706959724426
M20211103_032826_AMOS-CE_P.jpg,1,0.619285523891449,0.3080163896083832,0.0,0.766667902469635
M20211103_032925_AMOS-CE_P.jpg,1,0.8892160654067993,0.35348454117774963,0.43560370802879333,0.9090801477432251
M20211103_033912_AMOS-CE_P.jpg,1,0.929560124874115,0.30974140763282776,0.36551761627197266,0.9592626690864563
M20211103_034026_AMOS-CE_P.jpg,1,0.6032167077064514,0.35201501846313477,0.4477156400680542,0.43811091780662537
M20211103_034830_AMOS-CE_P.jpg,1,0.941760241985321,0.38054007291793823,0.5177226662635803,0.8293391466140747
M20211103_040207_AMOS-CE_P.jpg,1,0.6684260368347168,0.4719116985797882,0.6379860639572144,0.9098348021507263
M20211103_040544_AMOS-CE_P.jpg,1,0.9245680570602417,0.43515488505363464,0.5522105097770691,0.9284559488296509
M20211103_040635_AMOS-CE_P.jpg,1,0.9316160082817078,0.37837162613868713,0.4461652338504791,0.8156827688217163
M20211104_183519_AMOS-CE_P.jpg,1,0.84629225730896,0.6521448493003845,0.7026993036270142,0.9546078443527222
M20211104_184145_AMOS-CE_P.jpg,1,0.9338340759277344,0.35275161266326904,0.39945629239082336,0.9859039187431335
M20211104_195314_AMOS-CE_P.jpg,1,0.7742176055908203,0.56462162733078,0.2601124048233032,0.9100795388221741
M20211104_211948_AMOS-CE_P.jpg,1,0.9156025052070618,0.33923792839050293,0.3743287920951843,0.9618263840675354
M20211104_215918_AMOS-CE_P.jpg,1,0.8755571246147156,0.49680230021476746,0.6316594481468201,0.8223595023155212
M20211104_220902_AMOS-CE_P.jpg,1,0.6731555461883545,0.6586363911628723,0.48292088508605957,0.663997232913971
M20211104_222225_AMOS-CE_P.jpg,1,0.9663577675819397,0.661952018737793,0.5354270339012146,0.858522355556488
M20211104_223136_AMOS-CE_P.jpg,1,0.9668834209442139,0.3116394877433777,0.427702933549881,0.9427055716514587
M20211104_224238_AMOS-CE_P.jpg,1,0.8079438805580139,0.6597908139228821,0.6769694685935974,0.9170228838920593
M20211104_225619_AMOS-CE_P.jpg,1,0.9582450985908508,0.40634477138519287,0.5505489706993103,0.903975248336792
M20211104_230451_AMOS-CE_P.jpg,1,0.9329373836517334,0.567865252494812,0.6902601718902588,0.7744070291519165
M20211104_234722_AMOS-CE_P.jpg,1,0.9624418020248413,0.3188800811767578,0.41496726870536804,0.939845621585846
M20211104_234731_AMOS-CE_P.jpg,1,0.9134166240692139,0.43278831243515015,0.589163601398468,0.9667704105377197
M20211104_235531_AMOS-CE_P.jpg,1,0.9854645133018494,0.3871353268623352,0.5427625775337219,0.9665652513504028
M20211105_000725_AMOS-CE_P.jpg,1,0.8296075463294983,0.3791660666465759,0.4862194359302521,0.9373133778572083
M20211105_005007_AMOS-CE_P.jpg,1,0.8632869124412537,0.5806403160095215,0.7001363635063171,0.762908935546875
M20211105_010241_AMOS-CE_P.jpg,1,0.7520267367362976,0.4953852891921997,0.624279797077179,0.933169960975647
M20211105_010536_AMOS-CE_P.jpg,1,0.7328260540962219,0.0,0.2742035388946533,0.588791012763977
M20211105_014715_AMOS-CE_P.jpg,1,0.9049015045166016,0.0,0.3739560842514038,0.7283124327659607
M20211105_015957_AMOS-CE_P.jpg,1,0.8070099949836731,0.3694072365760803,0.4421002268791199,0.6184882521629333
M20211105_024929_AMOS-CE_P.jpg,1,0.907176673412323,0.3294505774974823,0.40506210923194885,0.9102742671966553
M20211105_025509_AMOS-CE_P.jpg,1,0.9460336565971375,0.3861159384250641,0.4960584342479706,0.9207947850227356
M20211105_030350_AMOS-CE_P.jpg,1,0.8435747623443604,0.3983871042728424,0.552578866481781,0.9409759044647217
M20211105_030643_AMOS-CE_P.jpg,1,0.9779419302940369,0.6465209126472473,0.730313241481781,0.9834750890731812
M20211105_030826_AMOS-CE_P.jpg,1,0.9411903023719788,0.3089907765388489,0.3645266592502594,0.951185941696167
M20211105_031136_AMOS-CE_P.jpg,1,0.5886437892913818,0.2827969491481781,0.3007274866104126,0.18776018917560577
M20211105_031806_AMOS-CE_P.jpg,1,0.8560848236083984,0.29368850588798523,0.3990057110786438,0.47487759590148926
M20211105_031902_AMOS-CE_P.jpg,1,0.9212111830711365,0.4017110764980316,0.5424244999885559,0.9369361996650696
M20211105_031911_AMOS-CE_P.jpg,1,0.9400498270988464,0.4836699962615967,0.6043657660484314,0.8783831000328064
M20211105_033014_AMOS-CE_P.jpg,1,0.8840056657791138,0.6608985066413879,0.6494555473327637,0.9317519068717957
M20211105_034341_AMOS-CE_P.jpg,1,0.9060602784156799,0.36959898471832275,0.437660813331604,0.9308658242225647
M20211105_035124_AMOS-CE_P.jpg,1,0.8692920207977295,0.35165783762931824,0.5200952291488647,0.5009912848472595
M20211105_040056_AMOS-CE_P.jpg,1,0.5562315583229065,0.5188177227973938,0.59938645362854,0.8746780157089233
M20211105_041135_AMOS-CE_P.jpg,1,0.8630125522613525,0.3376350700855255,0.4005261957645416,0.7528707385063171
M20211105_042546_AMOS-CE_P.jpg,1,0.8856288194656372,0.37516137957572937,0.4472944140434265,0.7376827001571655
M20211105_192913_AMOS-CE_P.jpg,1,0.9513472318649292,0.6374449133872986,0.6481389999389648,0.9696201682090759
M20211105_194602_AMOS-CE_P.jpg,1,0.9516720175743103,0.38206037878990173,0.4787469506263733,0.9055588245391846
M20211105_194920_AMOS-CE_P.jpg,1,0.6732599139213562,0.5457621812820435,0.6430331468582153,0.9490827918052673
M20211105_212737_AMOS-CE_P.jpg,1,0.8858103156089783,0.46008387207984924,0.6022313237190247,0.8576677441596985
M20211105_222414_AMOS-CE_P.jpg,1,0.9719054102897644,0.5022299885749817,0.6563560962677002,0.9182800650596619
M20211105_222512_AMOS-CE_P.jpg,1,0.7608444690704346,0.6425793766975403,0.6998302936553955,0.9590734839439392
M20211105_223913_AMOS-CE_P.jpg,1,0.89373379945755,0.6808986067771912,0.5539727210998535,0.876062273979187
M20211105_225403_AMOS-CE_P.jpg,1,0.931122362613678,0.39377346634864807,0.46540918946266174,0.6008133888244629
M20211105_230010_AMOS-CE_P.jpg,1,0.8730429410934448,0.3161042630672455,0.35554879903793335,0.9356659054756165
M20211105_234406_AMOS-CE_P.jpg,1,0.8179672956466675,0.3132287859916687,0.4164169430732727,0.5752332210540771
M20211106_000038_AMOS-CE_P.jpg,1,0.8551021218299866,0.6808842420578003,0.6495351195335388,0.752275824546814
M20211106_000242_AMOS-CE_P.jpg,1,0.950337290763855,0.32856813073158264,0.39168596267700195,0.9359477758407593
M20211106_001316_AMOS-CE_P.jpg,1,0.925163984298706,0.6623179316520691,0.6621871590614319,0.9515584111213684
M20211106_004816_AMOS-CE_P.jpg,1,0.8924412131309509,0.5700927376747131,0.7404237985610962,0.8601875305175781
M20211106_005827_AMOS-CE_P.jpg,1,0.7857195138931274,0.39720451831817627,0.4491685926914215,0.9076448678970337
M20211106_010910_AMOS-CE_P.jpg,1,0.9380061626434326,0.3670189678668976,0.3934366703033447,0.9455344676971436
M20211106_172653_AMOS-CE_P.jpg,1,0.6382635831832886,0.6643980145454407,0.5853172540664673,0.8898246884346008
M20211106_173634_AMOS-CE_P.jpg,1,0.8222171664237976,0.3304283618927002,0.38269832730293274,0.9305707812309265
M20211109_190840_AMOS-CE_P.jpg,1,0.5735974311828613,0.47678041458129883,0.46024826169013977,0.6236609816551208
M20211109_190934_AMOS-CE_P.jpg,1,0.8418794274330139,0.3789830505847931,0.44718989729881287,0.821595311164856
M20211109_193335_AMOS-CE_P.jpg,1,0.7994030714035034,0.6525534987449646,0.602475643157959,0.9545988440513611
M20211109_200608_AMOS-CE_P.jpg,1,0.98997962474823,0.38142749667167664,0.5181182026863098,0.9725330471992493
M20211109_220253_AMOS-CE_P.jpg,1,0.9436949491500854,0.3905295133590698,0.44908443093299866,0.9085336327552795
M20211109_220917_AMOS-CE_P.jpg,1,0.7610465288162231,0.46286383271217346,0.516399085521698,0.8302788734436035
M20211109_222751_AMOS-CE_P.jpg,1,0.9638074636459351,0.42167922854423523,0.5548011064529419,0.9203488826751709
M20211123_170946_AMOS-CE_P.jpg,1,0.8975910544395447,0.39431825280189514,0.45501068234443665,0.631591260433197
M20211123_171920_AMOS-CE_P.jpg,1,0.7993482351303101,0.369098037481308,0.4123799502849579,0.7752913236618042
M20211123_172933_AMOS-CE_P.jpg,1,0.9766426086425781,0.5239286422729492,0.6518158912658691,0.8941693902015686
M20211123_175827_AMOS-CE_P.jpg,1,0.9702125191688538,0.5160046219825745,0.6637901067733765,0.9566629528999329
M20211123_190708_AMOS-CE_P.jpg,1,0.9459202289581299,0.6136653423309326,0.6655448079109192,0.9086574912071228
M20211123_192112_AMOS-CE_P.jpg,1,0.9829896092414856,0.45005807280540466,0.49109432101249695,0.49687278270721436
M20211123_212944_AMOS-CE_P.jpg,1,0.9045720100402832,0.5758757591247559,0.6100381016731262,0.2725370526313782
M20211123_234210_AMOS-CE_P.jpg,1,0.9139586091041565,0.35250720381736755,0.40184298157691956,0.5958502292633057
M20211203_173017_AMOS-CE_P.jpg,1,0.97606360912323,0.33854547142982483,0.4230993986129761,0.9652732610702515
M20211203_201801_AMOS-CE_P.jpg,1,0.9250682592391968,0.3562893569469452,0.4540061354637146,0.2646910548210144
M20211203_202157_AMOS-CE_P.jpg,1,0.9792553782463074,0.5936815142631531,0.6958428025245667,0.9501748085021973
M20211203_222413_AMOS-CE_P.jpg,1,0.9201670289039612,0.41555172204971313,0.5340209603309631,0.8904141783714294
M20211203_224634_AMOS-CE_P.jpg,1,0.7619151473045349,0.6700438261032104,0.6938965916633606,0.6426132321357727
M20211203_225924_AMOS-CE_P.jpg,1,0.9692418575286865,0.598060131072998,0.6411721706390381,0.8628276586532593
M20211203_230512_AMOS-CE_P.jpg,1,0.969550371170044,0.3417207896709442,0.44587942957878113,0.9584303498268127
M20211203_231415_AMOS-CE_P.jpg,1,0.9628194570541382,0.5499743223190308,0.6592448949813843,0.9128044247627258
M20211203_232004_AMOS-CE_P.jpg,1,0.9498270153999329,0.45472633838653564,0.5618675351142883,0.7408159971237183
M20211203_235229_AMOS-CE_P.jpg,1,0.9000968933105469,0.40520110726356506,0.506037175655365,0.7800880074501038
M20211204_000214_AMOS-CE_P.jpg,1,0.9646307826042175,0.3546052873134613,0.4208580255508423,0.9633171558380127
M20211204_001340_AMOS-CE_P.jpg,1,0.9535009860992432,0.46646976470947266,0.6208577752113342,0.948007345199585
M20211204_001534_AMOS-CE_P.jpg,1,0.732616126537323,0.0,0.0,0.4798636734485626
M20211204_001846_AMOS-CE_P.jpg,1,0.9634412527084351,0.3408004343509674,0.4404037892818451,0.9302383065223694
M20211204_002614_AMOS-CE_P.jpg,1,0.8624743223190308,0.6575171947479248,0.26788973808288574,0.6344262361526489
M20211204_003300_AMOS-CE_P.jpg,1,0.9711087346076965,0.5223931074142456,0.6823247671127319,0.8865382075309753
M20211204_003306_AMOS-CE_P.jpg,1,0.7290030717849731,0.3281703591346741,0.36517032980918884,0.6165993213653564
M20211204_003723_AMOS-CE_P.jpg,1,0.9375972747802734,0.3335800766944885,0.39031755924224854,0.8958076238632202
M20211204_003832_AMOS-CE_P.jpg,1,0.9374475479125977,0.3358476758003235,0.36292144656181335,0.8954769968986511
M20211204_004656_AMOS-CE_P.jpg,1,0.9517389535903931,0.3218541741371155,0.37858057022094727,0.9770163893699646
M20211204_004757_AMOS-CE_P.jpg,1,0.9699416160583496,0.3710305094718933,0.43915900588035583,0.8756393790245056
M20211204_010108_AMOS-CE_P.jpg,1,0.8906864523887634,0.628966212272644,0.6020959615707397,0.7742564082145691
M20211204_010131_AMOS-CE_P.jpg,1,0.7213269472122192,0.3454304337501526,0.4280675947666168,0.7598251104354858
M20211204_010152_AMOS-CE_P.jpg,1,0.8695257306098938,0.31436285376548767,0.3680436313152313,0.9368906617164612
M20211204_010427_AMOS-CE_P.jpg,1,0.919721245765686,0.33636000752449036,0.46140187978744507,0.9224081039428711
M20211204_013911_AMOS-CE_P.jpg,1,0.822936475276947,0.3585733473300934,0.472861647605896,0.7835341095924377
M20211204_014048_AMOS-CE_P.jpg,1,0.9218350052833557,0.42932480573654175,0.543519139289856,0.9157165288925171
M20211204_014800_AMOS-CE_P.jpg,1,0.9181429147720337,0.3928831219673157,0.42171889543533325,0.7920899987220764
M20211204_014908_AMOS-CE_P.jpg,1,0.8989807963371277,0.5724669098854065,0.7136637568473816,0.7218064665794373
M20211204_015209_AMOS-CE_P.jpg,1,0.6400806903839111,0.0,0.0,0.22148261964321136
M20211204_015518_AMOS-CE_P.jpg,1,0.6697483658790588,0.2726803421974182,0.41660797595977783,0.24413715302944183
M20211204_035640_AMOS-CE_P.jpg,1,0.96630859375,0.5192989706993103,0.5935758948326111,0.7458164691925049
M20211204_040251_AMOS-CE_P.jpg,1,0.6614471673965454,0.4176329970359802,0.4758490025997162,0.4416971504688263
M20211204_040537_AMOS-CE_P.jpg,1,0.885974645614624,0.3302919268608093,0.3520105183124542,0.9007176756858826
M20211204_044441_AMOS-CE_P.jpg,1,0.8140579462051392,0.38526612520217896,0.47958558797836304,0.7279710173606873
M20211204_045257_AMOS-CE_P.jpg,1,0.8684121966362,0.4140988886356354,0.529369592666626,0.748113214969635
M20211204_045435_AMOS-CE_P.jpg,1,0.9794304370880127,0.3714359998703003,0.49901601672172546,0.8625411987304688
M20211204_045438_AMOS-CE_P.jpg,1,0.8215275406837463,0.35977551341056824,0.38464730978012085,0.5473660230636597
M20211204_045818_AMOS-CE_P.jpg,1,0.9804506301879883,0.5888726711273193,0.6110426783561707,0.8988156914710999
M20211207_231925_AMOS-CE_P.jpg,1,0.889725923538208,0.4312528371810913,0.4013056755065918,0.8544551134109497
M20211207_235558_AMOS-CE_P.jpg,1,0.9763256907463074,0.45587316155433655,0.5360652804374695,0.9061800241470337
M20211207_235855_AMOS-CE_P.jpg,1,0.8458025455474854,0.5613369941711426,0.6240373849868774,0.8978946805000305
M20211208_000512_AMOS-CE_P.jpg,1,0.941006064414978,0.3236989676952362,0.4420187473297119,0.8952928781509399
M20211208_004004_AMOS-CE_P.jpg,1,0.7008854746818542,0.0,0.0,0.3099512457847595
M20211208_005401_AMOS-CE_P.jpg,1,0.6776215434074402,0.3672787547111511,0.0,0.788480818271637
M20211208_010558_AMOS-CE_P.jpg,1,0.8993246555328369,0.418914794921875,0.5204871296882629,0.9356945157051086
M20211208_010714_AMOS-CE_P.jpg,1,0.9210467338562012,0.4828627109527588,0.5607473254203796,0.8148491382598877
M20211208_011614_AMOS-CE_P.jpg,1,0.9687563180923462,0.47614794969558716,0.6538090705871582,0.9296896457672119
M20211208_012131_AMOS-CE_P.jpg,1,0.8768768310546875,0.3422602415084839,0.44182151556015015,0.8440616726875305
M20211208_012453_AMOS-CE_P.jpg,1,0.9361847639083862,0.5165033340454102,0.6701375842094421,0.9560236930847168
M20211208_013108_AMOS-CE_P.jpg,1,0.897595226764679,0.37569600343704224,0.4726175367832184,0.6834383010864258
M20211208_013345_AMOS-CE_P.jpg,1,0.6613188982009888,0.0,0.0,0.41090044379234314
M20211208_013726_AMOS-CE_P.jpg,1,0.8165378570556641,0.38973772525787354,0.3929809033870697,0.7914926409721375
M20211208_014326_AMOS-CE_P.jpg,1,0.7421020865440369,0.37513452768325806,0.5136391520500183,0.45181456208229065
M20211208_015421_AMOS-CE_P.jpg,1,0.9929819107055664,0.6898812651634216,0.6939652562141418,0.7817285060882568
M20211208_015901_AMOS-CE_P.jpg,1,0.8663387894630432,0.36001455783843994,0.49107488989830017,0.8180263042449951
M20211208_020341_AMOS-CE_P.jpg,1,0.7809330821037292,0.3100360929965973,0.39425984025001526,0.8745438456535339
M20211208_023325_AMOS-CE_P.jpg,1,0.8056392073631287,0.33892330527305603,0.3873959183692932,0.6319653391838074
M20211208_024054_AMOS-CE_P.jpg,1,0.9347547888755798,0.41994810104370117,0.5663681626319885,0.9276910424232483
M20211208_025424_AMOS-CE_P.jpg,1,0.9105629920959473,0.4395189583301544,0.5560958981513977,0.9051593542098999
M20211208_031324_AMOS-CE_P.jpg,1,0.9209898710250854,0.36564844846725464,0.43005606532096863,0.98433518409729
M20211208_031642_AMOS-CE_P.jpg,1,0.9726545810699463,0.44936642050743103,0.5304310321807861,0.887391984462738
M20211208_032628_AMOS-CE_P.jpg,1,0.8215359449386597,0.32623904943466187,0.454372763633728,0.8589977025985718
M20211208_032639_AMOS-CE_P.jpg,1,0.8848504424095154,0.4945342242717743,0.618951141834259,0.9071127772331238
M20211208_033318_AMOS-CE_P.jpg,1,0.9901341795921326,0.4905751943588257,0.6526699066162109,0.9473892450332642
M20211208_034141_AMOS-CE_P.jpg,1,0.9879310131072998,0.6120296120643616,0.6629906892776489,0.9463260769844055
M20211208_034436_AMOS-CE_P.jpg,1,0.9190738797187805,0.378848135471344,0.37469998002052307,0.842269778251648
M20211208_034822_AMOS-CE_P.jpg,1,0.986883819103241,0.3696129322052002,0.4595761299133301,0.9655461311340332
M20211208_035228_AMOS-CE_P.jpg,1,0.9716637134552002,0.674871563911438,0.7200891971588135,0.6863554120063782
M20211208_035451_AMOS-CE_P.jpg,1,0.8887991309165955,0.3190069794654846,0.4097529351711273,0.8045542240142822
M20211208_035543_AMOS-CE_P.jpg,1,0.9494549036026001,0.5059018135070801,0.5581635236740112,0.8983169198036194
M20211208_035750_AMOS-CE_P.jpg,1,0.9746108055114746,0.6544721722602844,0.6530188918113708,0.8945843577384949
M20211221_163941_AMOS-CE_P.jpg,1,0.809025228023529,0.3080196678638458,0.3537430763244629,0.7132011651992798
M20211221_164032_AMOS-CE_P.jpg,1,0.8676106333732605,0.6756462454795837,0.44455862045288086,0.7479897737503052
M20211221_164916_AMOS-CE_P.jpg,1,0.9527806043624878,0.571677029132843,0.5809178352355957,0.7478020787239075
M20211221_231418_AMOS-CE_P.jpg,1,0.758216917514801,0.6106854677200317,0.6161707043647766,0.6487054228782654
M20211222_011732_AMOS-CE_P.jpg,1,0.8043085336685181,0.5092999339103699,0.5256783366203308,0.4855712354183197
M20211222_012838_AMOS-CE_P.jpg,1,0.6818580031394958,0.4671236276626587,0.4508419632911682,0.764520525932312
M20211222_040725_AMOS-CE_P.jpg,1,0.8229805827140808,0.6372740864753723,0.6819233298301697,0.4796398878097534
M20211222_040913_AMOS-CE_P.jpg,1,0.9184638857841492,0.5287354588508606,0.491502970457077,0.7773361206054688
M20211222_042744_AMOS-CE_P.jpg,1,0.959636390209198,0.43814817070961,0.44801798462867737,0.30665352940559387
M20211222_044508_AMOS-CE_P.jpg,1,0.6601369976997375,0.43346503376960754,0.40630605816841125,0.4384252727031708
M20211222_045003_AMOS-CE_P.jpg,1,0.9324944019317627,0.715948760509491,0.7309837937355042,0.47578689455986023
M20211231_200319_AMOS-CE_P.jpg,1,0.8312634825706482,0.34992730617523193,0.4230904281139374,0.9451963305473328
nemet_M20210710_001912_FO_P.jpg,0,0.795393705368042,0.0,0.0,0.14857575297355652
nemet_M20210710_235123_FO_P.jpg,0,0.8666948080062866,0.3294452726840973,0.4142267107963562,0.05431099608540535
nemet_M20210712_222713_FO_P.jpg,0,0.928295373916626,0.3005523383617401,0.39907601475715637,0.6411494016647339
nemet_M20210712_223255_FO_P.jpg,0,0.8092450499534607,0.3768038749694824,0.4121406078338623,0.5156130194664001
nemet_M20210714_213048_FO_P.jpg,0,0.7609373331069946,0.0,0.0,0.18581801652908325
nemet_M20210714_213212_FO_P.jpg,0,0.6882492899894714,0.0,0.0,0.047625165432691574
nemet_M20210714_213411_FO_P.jpg,0,0.4640214741230011,0.0,0.0,0.004838551394641399
nemet_M20210714_213815_FO_P.jpg,0,0.4799746870994568,0.0,0.0,0.019057566300034523
nemet_M20210714_214257_FO_P.jpg,0,0.49039140343666077,0.0,0.0,0.02134964056313038
nemet_M20210714_214406_FO_P.jpg,0,0.6801904439926147,0.3012840151786804,0.3200497329235077,0.2244385927915573
nemet_M20210714_215052_FO_P.jpg,0,0.3844884932041168,0.0,0.0,0.006604759022593498
nemet_M20210714_215328_FO_P.jpg,0,0.3171880841255188,0.0,0.0,0.009564768522977829
nemet_M20210714_220143_FO_P.jpg,0,0.34997066855430603,0.0,0.0,0.00935490895062685
nemet_M20210716_001522_FO_P.jpg,0,0.7130475044250488,0.26530763506889343,0.2620871067047119,0.05418165773153305
nemet_M20210716_213144_FO_P.jpg,0,0.7966614961624146,0.0,0.0,0.45808738470077515
nemet_M20210716_225616_FO_P.jpg,0,0.6785111427307129,0.0,0.0,0.25471192598342896
nemet_M20210717_001234_FO_P.jpg,0,0.5249224305152893,0.0,0.0,0.016856225207448006
nemet_M20210719_230421_FO_P.jpg,0,0.5922442674636841,0.4426652789115906,0.0,0.10480604320764542
nemet_M20210721_002121_FO_P.jpg,0,0.7065656781196594,0.0,0.0,0.2101752758026123
nemet_M20210721_011538_FO_P.jpg,0,0.7086208462715149,0.0,0.0,0.1052182987332344
nemet_M20210721_012532_FO_P.jpg,0,0.7913383841514587,0.3435279130935669,0.36964571475982666,0.2517639994621277
nemet_M20210721_225141_FO_P.jpg,0,0.600311279296875,0.0,0.2658158838748932,0.545619547367096
nemet_M20210722_000759_FO_P.jpg,0,0.7716412544250488,0.35021552443504333,0.34358301758766174,0.23678787052631378
nemet_M20210722_003702_FO_P.jpg,0,0.7712267637252808,0.4468487799167633,0.5268285274505615,0.6555573344230652
nemet_M20210722_014038_FO_P.jpg,0,0.8147247433662415,0.35180678963661194,0.38166454434394836,0.2839638292789459
nemet_M20210722_230629_FO_P.jpg,0,0.8354259729385376,0.33110642433166504,0.4124203622341156,0.2955404222011566
nemet_M20210724_004428_FO_P.jpg,0,0.327888160943985,0.0,0.0,0.06629519909620285
nemet_M20210727_000734_FO_P.jpg,0,0.7914837598800659,0.37364280223846436,0.3829701244831085,0.45228832960128784
nemet_M20210727_202749_FO_P.jpg,0,0.7876396775245667,0.0,0.0,0.10871913284063339
nemet_M20210727_222252_FO_P.jpg,0,0.9216458797454834,0.39698901772499084,0.35404083132743835,0.30795130133628845
nemet_M20210728_010846_FO_P.jpg,0,0.8958924412727356,0.6035268306732178,0.5671852827072144,0.383294016122818
nemet_M20210729_234247_FO_P.jpg,0,0.6258993148803711,0.0,0.0,0.03713899105787277
nemet_M20210801_211158_FO_P.jpg,0,0.30605900287628174,0.0,0.0,0.03291798755526543
nemet_M20210801_213849_FO_P.jpg,0,0.4920716881752014,0.2943490445613861,0.0,0.5668129920959473
nemet_M20210801_214225_FO_P.jpg,0,0.517641544342041,0.0,0.0,0.08753328025341034
nemet_M20210802_001431_FO_P.jpg,0,0.5016298890113831,0.3480933606624603,0.33129793405532837,0.10110531002283096
nemet_M20210802_001801_FO_P.jpg,0,0.5439319610595703,0.0,0.29342642426490784,0.14131200313568115
nemet_M20211031_012245_AMOS-CE_P.jpg,0,0.7290921211242676,0.0,0.0,0.33601197600364685
nemet_M20211101_031744_AMOS-CE_P.jpg,0,0.7904719114303589,0.45066800713539124,0.5457543730735779,0.82896488904953
nemet_M20211102_232802_AMOS-CE_P.jpg,0,0.5875999927520752,0.0,0.2689073383808136,0.7923491597175598
nemet_M20211103_003004_AMOS-CE_P.jpg,0,0.6047306656837463,0.0,0.0,0.13639573752880096
nemet_M20211103_025628_AMOS-CE_P.jpg,0,0.6676445007324219,0.42539912462234497,0.49873483180999756,0.8814732432365417
nemet_M20211104_222646_AMOS-CE_P.jpg,0,0.7704454660415649,0.0,0.0,0.7817836403846741
nemet_M20211203_223043_AMOS-CE_P.jpg,0,0.6653520464897156,0.3312450647354126,0.3851371705532074,0.7152196764945984
nemet_M20211203_223817_AMOS-CE_P.jpg,0,0.8519889116287231,0.34037142992019653,0.4105192720890045,0.7176591157913208
nemet_M20211208_015723_AMOS-CE_P.jpg,0,0.9369462132453918,0.3868200182914734,0.447556734085083,0.8677460551261902
nemet_M20211221_232157_AMOS-CE_P.jpg,0,0.7305307984352112,0.0,0.35477638244628906,0.206889346241951
