image_name,true_label,prediction_ConvNexts,prediction_yolov11
000008_AGO.jpg,0,0.1281718760728836,0.0
000014_AGO-Spec.jpg,0,0.21236887574195862,0.0
000014_AGO.jpg,0,0.2768633961677551,0.0
000633_AGO.jpg,0,0.155673086643219,0.0
001216_ARBO.jpg,0,0.2111716866493225,0.0
001550_AGO.jpg,0,0.1337990164756775,0.0
001716_ARBO.jpg,0,0.33375704288482666,0.0
001907_Senec.jpg,0,0.268270879983902,0.0
001948_AGO.jpg,0,0.4829927682876587,0.0
002053_ARBO.jpg,0,0.19800059497356415,0.0
002618_ARBO.jpg,0,0.3178692162036896,0.0
002726_ARBO.jpg,0,0.14301086962223053,0.0
002841_AGO.jpg,0,0.10933748632669449,0.0
002858_AGO.jpg,0,0.10296209901571274,0.0
003000_AGO.jpg,0,0.20080365240573883,0.0
003121_ARBO.jpg,0,0.08066102117300034,0.0
003125_AGO.jpg,0,0.2603570520877838,0.0
003659_AGO.jpg,0,0.15442827343940735,0.0
003659_ARBO.jpg,0,0.16554732620716095,0.0
004631_ARBO.jpg,0,0.11926326900720596,0.0
004708_AGO.jpg,0,0.3236697018146515,0.0
004948_AGO.jpg,0,0.5182104706764221,0.0
005115_AGO.jpg,0,0.2939714789390564,0.0
005115_ARBO.jpg,0,0.36088159680366516,0.0
005252_KNM.jpg,0,0.44846683740615845,0.0
010208_AGO.jpg,0,0.10979045182466507,0.0
010437_Senec.jpg,0,0.20896032452583313,0.0
010443_Senec.jpg,0,0.24281077086925507,0.0
010534_ARBO.jpg,0,0.14658470451831818,0.0
010545_Senec.jpg,0,0.28913548588752747,0.0
010546_ARBO.jpg,0,0.04694760963320732,0.0
010547_Senec.jpg,0,0.24094970524311066,0.0
010614_AGO.jpg,0,0.25975051522254944,0.0
010614_ARBO.jpg,0,0.21692045032978058,0.0
010722_Senec.jpg,0,0.2741064131259918,0.0
010801_AGO.jpg,0,0.34626471996307373,0.0
010801_ARBO.jpg,0,0.5086764097213745,0.0
011428_ARBO.jpg,0,0.0593331903219223,0.0
011938_ARBO.jpg,0,0.19322842359542847,0.0
012228_ARBO.jpg,0,0.23712140321731567,0.0
012318_AGO-Spec.jpg,0,0.12359225749969482,0.0
012632_ARBO.jpg,0,0.4149172604084015,0.0
012659_ARBO.jpg,0,0.2782059907913208,0.0
012754_AGO.jpg,0,0.1824484020471573,0.0
012903_AGO.jpg,0,0.19422613084316254,0.0
012903_Senec.jpg,0,0.25269776582717896,0.0
012930_VAZEC.jpg,0,0.20681172609329224,0.0
012932_ARBO.jpg,0,0.09925564378499985,0.0
012939_AGO.jpg,0,0.14787079393863678,0.0
013043_ARBO.jpg,0,0.09634712338447571,0.0
013136_ARBO.jpg,0,0.1635771095752716,0.0
013147_ARBO.jpg,0,0.1404428482055664,0.0
013239_ARBO.jpg,0,0.10017137974500656,0.0
013340_ARBO.jpg,0,0.11653169989585876,0.0
013356_ARBO.jpg,0,0.17290835082530975,0.0
013357_AGO.jpg,0,0.1587815135717392,0.0
013528_AGO-Spec.jpg,0,0.0923333540558815,0.0
013817_AGO.jpg,0,0.1376267522573471,0.0
014001_ARBO.jpg,0,0.20991957187652588,0.0
014119_KNM.jpg,0,0.10564325004816055,0.0
014731_AGO.jpg,0,0.1863669455051422,0.0
014809_AGO-Spec.jpg,0,0.29330959916114807,0.0
014836_Senec.jpg,0,0.22362078726291656,0.0
020701_ARBO.jpg,0,0.10514047741889954,0.0
022442_AGO-Spec.jpg,0,0.08669581264257431,0.0
190410_AGO.jpg,0,0.10442081093788147,0.0
190518_AGO.jpg,0,0.11825623363256454,0.0
190729_ARBO.jpg,0,0.0874466598033905,0.0
190922_ARBO.jpg,0,0.06323811411857605,0.0
191022_Senec.jpg,0,0.20928505063056946,0.0
191143_ARBO.jpg,0,0.07761689275503159,0.0
191213_ARBO.jpg,0,0.08041601628065109,0.0
191309_AGO.jpg,0,0.05969252064824104,0.0
191435_ARBO.jpg,0,0.1109909936785698,0.0
191442_ARBO.jpg,0,0.12872755527496338,0.0
191454_ARBO.jpg,0,0.20143546164035797,0.0
191521_ARBO.jpg,0,0.09144368767738342,0.0
191528_VAZEC.jpg,0,0.3257162570953369,0.0
191539_ARBO.jpg,0,0.28835564851760864,0.0
191546_ARBO.jpg,0,0.31576210260391235,0.0
191549_ARBO.jpg,0,0.21639010310173035,0.0
191641_AGO.jpg,0,0.10072322189807892,0.0
191658_ARBO.jpg,0,0.1846827119588852,0.0
191708_ARBO.jpg,0,0.11761581152677536,0.0
191714_ARBO.jpg,0,0.11653312295675278,0.0
191903_ARBO.jpg,0,0.145353764295578,0.0
191920_ARBO.jpg,0,0.08711984008550644,0.0
191938_ARBO.jpg,0,0.1456783413887024,0.31568634510040283
191943_ARBO.jpg,0,0.05914686620235443,0.0
192006_ARBO.jpg,0,0.05417471379041672,0.0
192036_VAZEC.jpg,0,0.2942439615726471,0.0
192042_ARBO.jpg,0,0.1834876388311386,0.0
192200_ARBO.jpg,0,0.08300658315420151,0.0
192206_ARBO.jpg,0,0.06332091987133026,0.0
192314_ARBO.jpg,0,0.09022413194179535,0.0
192336_ARBO.jpg,0,0.13248883187770844,0.0
192353_ARBO.jpg,0,0.10515625774860382,0.0
192358_ARBO.jpg,0,0.13117505609989166,0.0
192409_ARBO.jpg,0,0.08499342203140259,0.0
192419_Senec.jpg,0,0.18276703357696533,0.0
192422_ARBO.jpg,0,0.12346310913562775,0.0
192429_ARBO.jpg,0,0.09622019529342651,0.0
192439_Senec.jpg,0,0.2020237296819687,0.0
192458_AGO-Spec.jpg,0,0.07920115441083908,0.0
192528_ARBO.jpg,0,0.11880593001842499,0.0
192547_ARBO.jpg,0,0.09517613053321838,0.0
192557_VAZEC.jpg,0,0.3390989303588867,0.0
192624_ARBO.jpg,0,0.08916742354631424,0.0
192700_ARBO.jpg,0,0.09082788228988647,0.0
192842_ARBO.jpg,0,0.12766554951667786,0.0
192904_ARBO.jpg,0,0.15165521204471588,0.0
193000_ARBO.jpg,0,0.14466911554336548,0.0
193026_ARBO.jpg,0,0.09486524760723114,0.0
193037_ARBO.jpg,0,0.16033445298671722,0.0
193123_ARBO.jpg,0,0.0754295215010643,0.0
193142_ARBO.jpg,0,0.09733197838068008,0.0
193147_ARBO.jpg,0,0.10339385271072388,0.0
193202_ARBO.jpg,0,0.09454011917114258,0.0
193358_ARBO.jpg,0,0.05167810246348381,0.0
193405_ARBO.jpg,0,0.052162207663059235,0.0
193432_ARBO.jpg,0,0.08585264533758163,0.0
193453_ARBO.jpg,0,0.058109529316425323,0.0
193646_KNM.jpg,0,0.23933151364326477,0.0
193709_AGO.jpg,0,0.14872819185256958,0.0
193732_ARBO.jpg,0,0.0995175763964653,0.0
193822_ARBO.jpg,0,0.07667569816112518,0.0
193826_ARBO.jpg,0,0.12573251128196716,0.0
193833_KNM.jpg,0,0.21631617844104767,0.0
193852_ARBO.jpg,0,0.1394680291414261,0.0
193946_ARBO.jpg,0,0.07581458240747452,0.0
193954_KNM.jpg,0,0.23214608430862427,0.0
194026_ARBO.jpg,0,0.06097327917814255,0.0
194032_ARBO.jpg,0,0.09096743166446686,0.0
194046_ARBO.jpg,0,0.08067146688699722,0.0
194121_VAZEC.jpg,0,0.23369531333446503,0.0
194317_AGO-Spec.jpg,0,0.16649553179740906,0.0
194334_AGO.jpg,0,0.04696403071284294,0.0
194335_VAZEC.jpg,0,0.709155797958374,0.0
194359_AGO.jpg,0,0.2418321818113327,0.0
194405_AGO.jpg,0,0.12905630469322205,0.0
194539_KNM.jpg,0,0.33090803027153015,0.0
194614_AGO.jpg,0,0.1230505183339119,0.0
194649_ARBO.jpg,0,0.05331539362668991,0.0
194700_ARBO.jpg,0,0.03649495542049408,0.0
194704_ARBO.jpg,0,0.07156834751367569,0.0
194706_KNM.jpg,0,0.282945841550827,0.0
194728_AGO-Spec.jpg,0,0.14158010482788086,0.0
194728_ARBO.jpg,0,0.046261563897132874,0.0
194735_KNM.jpg,0,0.2357710599899292,0.0
194749_AGO.jpg,0,0.2872498035430908,0.0
194840_KNM.jpg,0,0.2623886466026306,0.0
194841_Senec.jpg,0,0.3721054494380951,0.0
194913_Senec.jpg,0,0.26028257608413696,0.0
195128_KNM.jpg,0,0.33760854601860046,0.0
195504_ARBO.jpg,0,0.10277717560529709,0.0
195620_VAZEC.jpg,0,0.5321568250656128,0.0
200154_AGO.jpg,0,0.11431095749139786,0.0
200213_ARBO.jpg,0,0.2199440449476242,0.0
200219_AGO.jpg,0,0.12422092258930206,0.0
200305_KNM.jpg,0,0.3199828863143921,0.0
200356_AGO.jpg,0,0.1314830332994461,0.0
200743_ARBO.jpg,0,0.17428036034107208,0.0
200816_VAZEC.jpg,0,0.05306814983487129,0.0
200947_AGO.jpg,0,0.19413986802101135,0.0
201026_VAZEC.jpg,0,0.19892457127571106,0.0
201035_AGO.jpg,0,0.17558597028255463,0.0
201036_AGO.jpg,0,0.3470451533794403,0.0
201040_ARBO.jpg,0,0.08751647919416428,0.0
201141_AGO.jpg,0,0.09620631486177444,0.0
201202_AGO.jpg,0,0.20476241409778595,0.0
201218_AGO-Spec.jpg,0,0.2757667601108551,0.0
201314_AGO.jpg,0,0.08778141438961029,0.0
202231_VAZEC.jpg,0,0.31163880228996277,0.0
202258_ARBO.jpg,0,0.1268962323665619,0.0
202305_AGO.jpg,0,0.10000250488519669,0.0
202432_AGO.jpg,0,0.08107421547174454,0.0
202556_AGO.jpg,0,0.19186528027057648,0.0
202633_ARBO.jpg,0,0.17257827520370483,0.0
202633_KNM.jpg,0,0.27570873498916626,0.0
202712_ARBO.jpg,0,0.2227848321199417,0.0
203104_AGO.jpg,0,0.10615652799606323,0.0
203853_ARBO.jpg,0,0.43975189328193665,0.0
204007_ARBO.jpg,0,0.17932040989398956,0.0
204027_AGO-Spec.jpg,0,0.1983887106180191,0.0
204049_AGO-Spec.jpg,0,0.3006000816822052,0.0
204125_VAZEC.jpg,0,0.2846319079399109,0.0
204237_Senec.jpg,0,0.11405787616968155,0.0
204318_ARBO.jpg,0,0.35501009225845337,0.0
204326_ARBO.jpg,0,0.37800392508506775,0.0
204341_ARBO.jpg,0,0.3149976134300232,0.0
204524_Senec.jpg,0,0.22037523984909058,0.0
204639_AGO.jpg,0,0.11049386113882065,0.0
204715_AGO.jpg,0,0.4843028783798218,0.0
204720_AGO.jpg,0,0.20236408710479736,0.0
204732_AGO.jpg,0,0.08729742467403412,0.0
204759_ARBO.jpg,0,0.243525892496109,0.0
204821_AGO-Spec.jpg,0,0.17423279583454132,0.0
204821_AGO.jpg,0,0.11373887956142426,0.0
204828_Senec.jpg,0,0.26324155926704407,0.0
204854_ARBO.jpg,0,0.4274873435497284,0.0
204940_ARBO.jpg,0,0.16541676223278046,0.0
205437_AGO.jpg,0,0.20042192935943604,0.0
205807_AGO.jpg,0,0.12749511003494263,0.0
205917_KNM.jpg,0,0.19761915504932404,0.0
210133_ARBO.jpg,0,0.6041653156280518,0.0
210518_AGO.jpg,0,0.1042814552783966,0.0
210518_Senec.jpg,0,0.3284713327884674,0.0
210530_KNM.jpg,0,0.27159544825553894,0.0
210634_KNM.jpg,0,0.22242853045463562,0.0
210701_KNM.jpg,0,0.26412463188171387,0.0
211108_ARBO.jpg,0,0.029963653534650803,0.0
211426_KNM.jpg,0,0.2277054339647293,0.0
212249_VAZEC.jpg,0,0.5653936862945557,0.0
213854_KNM.jpg,0,0.403775155544281,0.0
214907_ARBO.jpg,0,0.1977292150259018,0.0
214920_VAZEC.jpg,0,0.47706565260887146,0.0
215210_AGO.jpg,0,0.08415000140666962,0.0
215233_AGO-Spec.jpg,0,0.3300844132900238,0.0
215242_VAZEC.jpg,0,0.1903824806213379,0.0
215244_AGO.jpg,0,0.1034136563539505,0.0
215630_VAZEC.jpg,0,0.2706473469734192,0.0
215648_VAZEC.jpg,0,0.20460282266139984,0.2711024582386017
220124_VAZEC.jpg,0,0.08014173805713654,0.0
220230_Senec.jpg,0,0.5138072967529297,0.0
220638_AGO-Spec.jpg,0,0.2373190075159073,0.0
221201_AGO-Spec.jpg,0,0.21154581010341644,0.0
222106_VAZEC.jpg,0,0.14707572758197784,0.0
222523_VAZEC.jpg,0,0.591382622718811,0.2849389612674713
223013_AGO.jpg,0,0.424991637468338,0.0
223248_AGO.jpg,0,0.06983228027820587,0.0
223319_Senec.jpg,0,0.4015049338340759,0.0
223321_Senec.jpg,0,0.3255334496498108,0.0
223339_ARBO.jpg,0,0.07063283771276474,0.0
223425_ARBO.jpg,0,0.9143978357315063,0.3424476683139801
223815_VAZEC.jpg,0,0.30742743611335754,0.0
223837_ARBO.jpg,0,0.19821645319461823,0.0
224141_ARBO.jpg,0,0.2340073138475418,0.0
224238_VAZEC.jpg,0,0.36795252561569214,0.0
224246_VAZEC.jpg,0,0.2534198462963104,0.0
224252_VAZEC.jpg,0,0.33427301049232483,0.0
224350_Senec.jpg,0,0.21744294464588165,0.0
224356_ARBO.jpg,0,0.29908227920532227,0.0
224359_ARBO.jpg,0,0.09003310650587082,0.0
224400_Senec.jpg,0,0.16772866249084473,0.0
224409_Senec.jpg,0,0.21662025153636932,0.0
224437_Senec.jpg,0,0.1973448544740677,0.0
224441_VAZEC.jpg,0,0.2727748453617096,0.0
224718_ARBO.jpg,0,0.24430865049362183,0.0
225027_AGO.jpg,0,0.169933021068573,0.0
225027_ARBO.jpg,0,0.13726533949375153,0.0
225103_Senec.jpg,0,0.2238074094057083,0.0
225508_VAZEC.jpg,0,0.47443678975105286,0.0
225536_AGO.jpg,0,0.3629314601421356,0.0
225539_VAZEC.jpg,0,0.2740062475204468,0.0
225629_VAZEC.jpg,0,0.34958645701408386,0.0
225634_Senec.jpg,0,0.7587915062904358,0.0
230441_Senec.jpg,0,0.422759473323822,0.0
230445_VAZEC.jpg,0,0.14744681119918823,0.0
231104_Senec.jpg,0,0.29304057359695435,0.0
231120_AGO-Spec.jpg,0,0.40818747878074646,0.0
231623_ARBO.jpg,0,0.08361390978097916,0.0
232508_ARBO.jpg,0,0.11158499121665955,0.0
232956_KNM.jpg,0,0.31705087423324585,0.0
233137_AGO-Spec.jpg,0,0.14835631847381592,0.0
233216_AGO.jpg,0,0.25486424565315247,0.0
233348_AGO.jpg,0,0.15776793658733368,0.0
233436_AGO.jpg,0,0.20116619765758514,0.0
233802_KNM.jpg,0,0.3565124571323395,0.0
233847_ARBO.jpg,0,0.07899555563926697,0.34330543875694275
234505_AGO.jpg,0,0.2853499948978424,0.0
234505_ARBO.jpg,0,0.3061369061470032,0.0
234549_KNM.jpg,0,0.2566870152950287,0.0
234905_ARBO.jpg,0,0.1487339586019516,0.0
235043_KNM.jpg,0,0.31902602314949036,0.0
235058_AGO.jpg,0,0.4108069837093353,0.0
235643_ARBO.jpg,0,0.1754622906446457,0.0
235819_VAZEC.jpg,0,0.3757820129394531,0.0
M010826_AGO-Spec.jpg,1,0.8842465877532959,0.4929008185863495
M20210708_220210_FO_P.jpg,1,0.850284218788147,0.3399486541748047
M20210708_235512_FO_P.jpg,1,0.9198653101921082,0.50153648853302
M20210708_235536_FO_P.jpg,1,0.9621443152427673,0.3216917812824249
M20210709_000301_FO_P.jpg,1,0.7655378580093384,0.4059247076511383
M20210709_000456_FO_P.jpg,1,0.9699942469596863,0.4287273585796356
M20210709_005352_FO_P.jpg,1,0.9802147150039673,0.34041494131088257
M20210709_005810_FO_P.jpg,1,0.903381884098053,0.6988285183906555
M20210709_205427_FO_P.jpg,1,0.8514264225959778,0.44221803545951843
M20210709_213808_FO_P.jpg,1,0.8910463452339172,0.4825073182582855
M20210709_222934_FO_P.jpg,1,0.9561260342597961,0.29877591133117676
M20210709_230145_FO_P.jpg,1,0.7393811941146851,0.40561625361442566
M20210709_232341_FO_P.jpg,1,0.9332094788551331,0.4043761193752289
M20210710_001038_FO_P.jpg,1,0.9801173806190491,0.3706892728805542
M20210710_002433_FO_P.jpg,1,0.8796392679214478,0.3999156057834625
M20210710_004706_FO_P.jpg,1,0.8642784357070923,0.3954504430294037
M20210710_004804_FO_P.jpg,1,0.9253126978874207,0.36310529708862305
M20210710_010123_FO_P.jpg,1,0.9635497331619263,0.44846272468566895
M20210710_010210_FO_P.jpg,1,0.9578952789306641,0.47931474447250366
M20210710_011942_FO_P.jpg,1,0.7182765603065491,0.4700907766819
M20210710_012234_FO_P.jpg,1,0.9218844175338745,0.3277857005596161
M20210710_210501_FO_P.jpg,1,0.854794442653656,0.5309003591537476
M20210710_221029_FO_P.jpg,1,0.5422664284706116,0.37237855792045593
M20210710_222230_FO_P.jpg,1,0.6274601221084595,0.0
M20210710_232309_FO_P.jpg,1,0.9485709071159363,0.4044317305088043
M20210710_234058_FO_P.jpg,1,0.9673182368278503,0.4030854403972626
M20210710_234938_FO_P.jpg,1,0.9484031796455383,0.36805209517478943
M20210711_002747_FO_P.jpg,1,0.9271731376647949,0.31877607107162476
M20210711_002826_FO_P.jpg,1,0.9882373213768005,0.4062407314777374
M20210711_003402_FO_P.jpg,1,0.8660563826560974,0.3277396261692047
M20210711_004039_FO_P.jpg,1,0.9856189489364624,0.7099143862724304
M20210712_204306_FO_P.jpg,1,0.8128139972686768,0.46143901348114014
M20210712_205242_FO_P.jpg,1,0.8946494460105896,0.5832840204238892
M20210712_212925_FO_P.jpg,1,0.9495842456817627,0.45972341299057007
M20210712_223259_FO_P.jpg,1,0.8585225939750671,0.43469858169555664
M20210712_231136_FO_P.jpg,1,0.8085665106773376,0.3353731334209442
M20210712_231236_FO_P.jpg,1,0.9718300700187683,0.4432255029678345
M20210712_233811_FO_P.jpg,1,0.962429404258728,0.4047442674636841
M20210712_235038_FO_P.jpg,1,0.9475789070129395,0.38555672764778137
M20210712_235131_FO_P.jpg,1,0.9028537273406982,0.44452884793281555
M20210712_235300_FO_P.jpg,1,0.9833036661148071,0.4185945391654968
M20210713_002821_FO_P.jpg,1,0.9842913150787354,0.4102359712123871
M20210713_003748_FO_P.jpg,1,0.9487517476081848,0.3664529025554657
M20210713_005056_FO_P.jpg,1,0.9317925572395325,0.6810985803604126
M20210713_012742_FO_P.jpg,1,0.932140052318573,0.5297011733055115
M20210713_215508_FO_P.jpg,1,0.9684664011001587,0.5625444650650024
M20210713_221842_FO_P.jpg,1,0.8432852029800415,0.6869545578956604
M20210713_225028_FO_P.jpg,1,0.9361074566841125,0.5068659782409668
M20210714_205334_FO_P.jpg,1,0.8764058351516724,0.32700803875923157
M20210714_212840_FO_P.jpg,1,0.6261407732963562,0.6177010536193848
M20210714_214902_FO_P.jpg,1,0.8461164236068726,0.6400977969169617
M20210714_220725_FO_P.jpg,1,0.8752023577690125,0.349071204662323
M20210714_223320_FO_P.jpg,1,0.9895753860473633,0.3231293857097626
M20210714_223753_FO_P.jpg,1,0.9349061250686646,0.43296802043914795
M20210714_224123_FO_P.jpg,1,0.970152735710144,0.3933798372745514
M20210714_224936_FO_P.jpg,1,0.920255184173584,0.33939483761787415
M20210714_233428_FO_P.jpg,1,0.7873736619949341,0.34673383831977844
M20210714_234310_FO_P.jpg,1,0.9435786008834839,0.3540300726890564
M20210715_004146_FO_P.jpg,1,0.7224499583244324,0.4092888832092285
M20210715_205642_FO_P.jpg,1,0.7741069793701172,0.5991773009300232
M20210715_211601_FO_P.jpg,1,0.933400571346283,0.4026298522949219
M20210715_211826_FO_P.jpg,1,0.8436408638954163,0.33551931381225586
M20210715_212910_FO_P.jpg,1,0.8648654818534851,0.6080396175384521
M20210715_214357_FO_P.jpg,1,0.9117377400398254,0.693763792514801
M20210715_215055_FO_P.jpg,1,0.7606098651885986,0.4128444492816925
M20210715_221158_FO_P.jpg,1,0.8908722400665283,0.6099875569343567
M20210715_224122_FO_P.jpg,1,0.8723868727684021,0.365814745426178
M20210715_224246_FO_P.jpg,1,0.8980929851531982,0.5751634240150452
M20210715_231334_FO_P.jpg,1,0.8210322260856628,0.39052215218544006
M20210716_001102_FO_P.jpg,1,0.9204061031341553,0.42765235900878906
M20210716_002017_FO_P.jpg,1,0.7298626899719238,0.38683685660362244
M20210716_002535_FO_P.jpg,1,0.9741654396057129,0.6720898747444153
M20210716_005515_FO_P.jpg,1,0.9168212413787842,0.45442095398902893
M20210716_005547_FO_P.jpg,1,0.8594585657119751,0.3269020617008209
M20210716_010850_FO_P.jpg,1,0.9404430389404297,0.5086964964866638
M20210716_011523_FO_P.jpg,1,0.8345872759819031,0.3269171714782715
M20210716_211031_FO_P.jpg,1,0.928435742855072,0.559743344783783
M20210716_213616_FO_P.jpg,1,0.9316591024398804,0.6280973553657532
M20210716_215722_FO_P.jpg,1,0.7725363969802856,0.42260870337486267
M20210716_230532_FO_P.jpg,1,0.9101213216781616,0.39278703927993774
M20210716_232049_FO_P.jpg,1,0.8490680456161499,0.5675613880157471
M20210716_232346_FO_P.jpg,1,0.7398746013641357,0.43047165870666504
M20210716_233111_FO_P.jpg,1,0.9612175226211548,0.33122238516807556
M20210716_235646_FO_P.jpg,1,0.8807427883148193,0.4848637282848358
M20210717_002539_FO_P.jpg,1,0.7641932368278503,0.46268129348754883
M20210718_011108_FO_P.jpg,1,0.5591487288475037,0.3514018952846527
M20210718_214928_FO_P.jpg,1,0.8290154337882996,0.3667358458042145
M20210718_235524_FO_P.jpg,1,0.9053163528442383,0.45201459527015686
M20210719_003312_FO_P.jpg,1,0.8349724411964417,0.40822407603263855
M20210719_004201_FO_P.jpg,1,0.9224798083305359,0.328647643327713
M20210719_005555_FO_P.jpg,1,0.576396644115448,0.4239778220653534
M20210719_221526_FO_P.jpg,1,0.814752995967865,0.338941365480423
M20210720_010806_FO_P.jpg,1,0.6589608192443848,0.47960975766181946
M20210720_013234_FO_P.jpg,1,0.6453233361244202,0.3955371081829071
M20210720_235816_FO_P.jpg,1,0.9528056979179382,0.4509427845478058
M20210721_002153_FO_P.jpg,1,0.9328990578651428,0.5324404835700989
M20210721_004005_FO_P.jpg,1,0.8758438229560852,0.637666642665863
M20210721_012118_FO_P.jpg,1,0.8415743112564087,0.3606855571269989
M20210721_205306_FO_P.jpg,1,0.701328694820404,0.4973771572113037
M20210721_235512_FO_P.jpg,1,0.9022827744483948,0.3929673433303833
M20210722_002859_FO_P.jpg,1,0.9121990203857422,0.38697776198387146
M20210722_003659_FO_P.jpg,1,0.9462711811065674,0.4476899206638336
M20210722_004332_FO_P.jpg,1,0.9661638140678406,0.3975726068019867
M20210722_004921_FO_P.jpg,1,0.9376235008239746,0.39154502749443054
M20210722_005915_FO_P.jpg,1,0.8680293560028076,0.34522002935409546
M20210722_010218_FO_P.jpg,1,0.9218080639839172,0.4088270962238312
M20210722_011200_FO_P.jpg,1,0.7290259003639221,0.373992919921875
M20210722_013127_FO_P.jpg,1,0.6896902322769165,0.44003504514694214
M20210722_014130_FO_P.jpg,1,0.8628801107406616,0.35796675086021423
M20210723_011022_FO_P.jpg,1,0.767262876033783,0.37067630887031555
M20210723_211307_FO_P.jpg,1,0.9849656820297241,0.4873869717121124
M20210723_212020_FO_P.jpg,1,0.9740385413169861,0.4509209096431732
M20210723_225148_FO_P.jpg,1,0.9471293091773987,0.49816107749938965
M20210724_000841_FO_P.jpg,1,0.9175937175750732,0.3545120656490326
M20210724_002744_FO_P.jpg,1,0.852690577507019,0.5493823289871216
M20210724_010201_FO_P.jpg,1,0.9322728514671326,0.4401758909225464
M20210724_010235_FO_P.jpg,1,0.6598331332206726,0.0
M20210724_012012_FO_P.jpg,1,0.8449469804763794,0.4458827078342438
M20210724_012727_FO_P.jpg,1,0.958031952381134,0.5113807916641235
M20210724_014000_FO_P.jpg,1,0.9758884310722351,0.42608803510665894
M20210724_205231_FO_P.jpg,1,0.45551443099975586,0.0
M20210724_213037_FO_P.jpg,1,0.9176000356674194,0.42455077171325684
M20210726_214023_FO_P.jpg,1,0.8610281348228455,0.33390721678733826
M20210726_215119_FO_P.jpg,1,0.8702005743980408,0.4688073396682739
M20210726_215536_FO_P.jpg,1,0.9893919229507446,0.6712064743041992
M20210726_221737_FO_P.jpg,1,0.945866584777832,0.677709698677063
M20210726_223549_FO_P.jpg,1,0.9596725106239319,0.6674512624740601
M20210726_224301_FO_P.jpg,1,0.905424952507019,0.5329165458679199
M20210726_230907_FO_P.jpg,1,0.9831311702728271,0.42991238832473755
M20210727_004106_FO_P.jpg,1,0.9607153534889221,0.7003720998764038
M20210727_004405_FO_P.jpg,1,0.9281459450721741,0.39682915806770325
M20210727_004818_FO_P.jpg,1,0.9668431878089905,0.4569362699985504
M20210727_005305_FO_P.jpg,1,0.9438274502754211,0.43740183115005493
M20210727_005905_FO_P.jpg,1,0.8902257680892944,0.3961619734764099
M20210727_011018_FO_P.jpg,1,0.7955871224403381,0.5132754445075989
M20210727_012524_FO_P.jpg,1,0.8992063403129578,0.699532151222229
M20210727_201727_FO_P.jpg,1,0.992823600769043,0.3426140546798706
M20210727_203620_FO_P.jpg,1,0.980760931968689,0.36322200298309326
M20210727_213212_FO_P.jpg,1,0.9520323276519775,0.4900219738483429
M20210727_214740_FO_P.jpg,1,0.9817936420440674,0.4930154085159302
M20210727_231242_FO_P.jpg,1,0.5664364695549011,0.5727348327636719
M20210728_000544_FO_P.jpg,1,0.9567588567733765,0.6604080200195312
M20210728_002225_FO_P.jpg,1,0.9910669922828674,0.5048523545265198
M20210728_004547_FO_P.jpg,1,0.9855210185050964,0.5354487895965576
M20210728_004602_FO_P.jpg,1,0.9632169008255005,0.5264800190925598
M20210728_004713_FO_P.jpg,1,0.9855296015739441,0.5788424611091614
M20210728_004952_FO_P.jpg,1,0.9855477809906006,0.6488391757011414
M20210728_013300_FO_P.jpg,1,0.9852946996688843,0.5832918286323547
M20210728_013351_FO_P.jpg,1,0.9851667284965515,0.6128309965133667
M20210729_200545_FO_P.jpg,1,0.8349131345748901,0.43957042694091797
M20210729_205549_FO_P.jpg,1,0.9479484558105469,0.6819877624511719
M20210729_211350_FO_P.jpg,1,0.9546392560005188,0.47724658250808716
M20210729_211524_FO_P.jpg,1,0.9772970676422119,0.49851301312446594
M20210729_212417_FO_P.jpg,1,0.9563286304473877,0.5595375299453735
M20210729_214500_FO_P.jpg,1,0.9552561044692993,0.40834808349609375
M20210729_221655_FO_P.jpg,1,0.9146777987480164,0.3122445046901703
M20210729_221942_FO_P.jpg,1,0.9881482720375061,0.4834800064563751
M20210729_222052_FO_P.jpg,1,0.9795055389404297,0.42164376378059387
M20210729_223123_FO_P.jpg,1,0.9874005913734436,0.5600403547286987
M20210729_224345_FO_P.jpg,1,0.9827151894569397,0.39906108379364014
M20210729_230613_FO_P.jpg,1,0.9740458130836487,0.5745496153831482
M20210729_231812_FO_P.jpg,1,0.961075484752655,0.37382203340530396
M20210729_233817_FO_P.jpg,1,0.860203206539154,0.3706110417842865
M20210729_233930_FO_P.jpg,1,0.974582314491272,0.38743856549263
M20210729_234133_FO_P.jpg,1,0.9648454785346985,0.44549548625946045
M20210729_234315_FO_P.jpg,1,0.9393162727355957,0.6866311430931091
M20210729_234903_FO_P.jpg,1,0.9770956039428711,0.48181670904159546
M20210730_001344_FO_P.jpg,1,0.9744792580604553,0.4200085699558258
M20210730_002341_FO_P.jpg,1,0.9376100897789001,0.5145582556724548
M20210730_002843_FO_P.jpg,1,0.9292606711387634,0.34644314646720886
M20210730_003539_FO_P.jpg,1,0.9887682795524597,0.5074793696403503
M20210730_004135_FO_P.jpg,1,0.9617382287979126,0.5399212837219238
M20210730_004529_FO_P.jpg,1,0.978510856628418,0.604101836681366
M20210730_004736_FO_P.jpg,1,0.9949287176132202,0.5979496240615845
M20210730_005155_FO_P.jpg,1,0.9924977421760559,0.6061499714851379
M20210730_005445_FO_P.jpg,1,0.990793764591217,0.5894348621368408
M20210730_011305_FO_P.jpg,1,0.9862937927246094,0.42859387397766113
M20210730_014253_FO_P.jpg,1,0.985815167427063,0.3572709560394287
M20210730_015244_FO_P.jpg,1,0.9484326839447021,0.47324877977371216
M20210730_015459_FO_P.jpg,1,0.9235110282897949,0.4822940528392792
M20210730_200212_FO_P.jpg,1,0.9441022276878357,0.3638210892677307
M20210730_200532_FO_P.jpg,1,0.9071809649467468,0.44645407795906067
M20210730_201144_FO_P.jpg,1,0.9806488752365112,0.6699694991111755
M20210730_201236_FO_P.jpg,1,0.864231526851654,0.33013832569122314
M20210730_201241_FO_P.jpg,1,0.9638217091560364,0.42278024554252625
M20210730_202345_FO_P.jpg,1,0.942962646484375,0.3083949685096741
M20210730_202455_FO_P.jpg,1,0.7392053008079529,0.34309688210487366
M20210730_203400_FO_P.jpg,1,0.8424680233001709,0.39482906460762024
M20210730_203844_FO_P.jpg,1,0.9218025803565979,0.31264030933380127
M20210730_205442_FO_P.jpg,1,0.8317917585372925,0.4601024389266968
M20210730_210156_FO_P.jpg,1,0.886867105960846,0.44711849093437195
M20210730_211028_FO_P.jpg,1,0.9708926677703857,0.6420571804046631
M20210730_213558_FO_P.jpg,1,0.9444224834442139,0.4053047299385071
M20210730_220826_FO_P.jpg,1,0.9586098790168762,0.6676153540611267
M20210730_225029_FO_P.jpg,1,0.8655639886856079,0.4063008725643158
M20210731_203734_FO_P.jpg,1,0.9819492697715759,0.4175029993057251
M20210801_195851_FO_P.jpg,1,0.88150954246521,0.34728190302848816
M20210801_195937_FO_P.jpg,1,0.9636076092720032,0.324831485748291
M20210801_202725_FO_P.jpg,1,0.9610134959220886,0.32414406538009644
M20210801_204821_FO_P.jpg,1,0.9334136247634888,0.36209774017333984
M20210801_210311_FO_P.jpg,1,0.8758625984191895,0.4198502004146576
M20210801_211108_FO_P.jpg,1,0.9668886661529541,0.44071945548057556
M20210801_211754_FO_P.jpg,1,0.9259004592895508,0.31411194801330566
M20210801_213048_FO_P.jpg,1,0.9525108933448792,0.5921612977981567
M20210802_000510_FO_P.jpg,1,0.878187894821167,0.640723466873169
M20210802_004059_FO_P.jpg,1,0.9199768900871277,0.5645200610160828
M20210802_004954_FO_P.jpg,1,0.9508441090583801,0.4854661822319031
M20210802_012822_FO_P.jpg,1,0.8108603954315186,0.3688089847564697
M20210802_014725_FO_P.jpg,1,0.8657333254814148,0.4661886692047119
M20210802_195258_FO_P.jpg,1,0.8946518301963806,0.3905373513698578
M20210802_200557_FO_P.jpg,1,0.9682422876358032,0.41308581829071045
M20210802_201151_FO_P.jpg,1,0.7719552516937256,0.0
M20210802_202521_FO_P.jpg,1,0.9199007153511047,0.3575569689273834
M20210802_202636_FO_P.jpg,1,0.9702746868133545,0.31155434250831604
M20210802_202941_FO_P.jpg,1,0.9913732409477234,0.3107820749282837
M20210802_203118_FO_P.jpg,1,0.9846568703651428,0.3495980203151703
M20210802_204238_FO_P.jpg,1,0.9665201306343079,0.6840267777442932
M20210802_205447_FO_P.jpg,1,0.9398754239082336,0.308424174785614
M20210802_210157_FO_P.jpg,1,0.9812375903129578,0.5490351915359497
M20210802_210441_FO_P.jpg,1,0.9600401520729065,0.6605708599090576
M20210802_211109_FO_P.jpg,1,0.982824444770813,0.4329761862754822
M20210802_211625_FO_P.jpg,1,0.8814769387245178,0.33893901109695435
M20210802_211720_FO_P.jpg,1,0.9572360515594482,0.3427880108356476
M20210802_213632_FO_P.jpg,1,0.8985495567321777,0.31488868594169617
M20210802_213727_FO_P.jpg,1,0.9824687242507935,0.3214832544326782
M20210802_213912_FO_P.jpg,1,0.9800235033035278,0.3914701044559479
M20210802_215819_FO_P.jpg,1,0.9219660758972168,0.5172328352928162
M20210802_220620_FO_P.jpg,1,0.9809634685516357,0.3721785247325897
M20210802_220722_FO_P.jpg,1,0.9571712613105774,0.6206602454185486
M20210802_221836_FO_P.jpg,1,0.9787991046905518,0.47561654448509216
M20210802_222205_FO_P.jpg,1,0.9311946034431458,0.31030985713005066
M20210802_222842_FO_P.jpg,1,0.970374584197998,0.41799771785736084
M20210802_223526_FO_P.jpg,1,0.8209229111671448,0.3340982496738434
M20210802_224707_FO_P.jpg,1,0.975343644618988,0.6644151210784912
M20210802_224734_FO_P.jpg,1,0.8279495239257812,0.0
M20210802_225155_FO_P.jpg,1,0.9601274132728577,0.3147295117378235
M20210802_225547_FO_P.jpg,1,0.98113614320755,0.4052063226699829
M20210802_230310_FO_P.jpg,1,0.9554271101951599,0.30842530727386475
M20210802_230430_FO_P.jpg,1,0.8504552841186523,0.0
M20210802_230933_FO_P.jpg,1,0.9955090284347534,0.4314963221549988
M20210802_231118_FO_P.jpg,1,0.9154490232467651,0.42122212052345276
M20210802_231241_FO_P.jpg,1,0.9582943916320801,0.3632361590862274
M20210802_232543_FO_P.jpg,1,0.9803720116615295,0.37800320982933044
M20210802_232913_FO_P.jpg,1,0.9473572969436646,0.38094446063041687
M20210802_233334_FO_P.jpg,1,0.8566641807556152,0.33493489027023315
M20210802_233431_FO_P.jpg,1,0.9467200636863708,0.37109339237213135
M20210802_234623_FO_P.jpg,1,0.9889454245567322,0.4871818423271179
M20210802_235157_FO_P.jpg,1,0.9642575979232788,0.4424220025539398
M20210802_235220_FO_P.jpg,1,0.9640708565711975,0.38078194856643677
M20210803_000035_FO_P.jpg,1,0.9560701251029968,0.42672839760780334
M20210803_002208_FO_P.jpg,1,0.968578577041626,0.41143813729286194
M20210803_002418_FO_P.jpg,1,0.8132244944572449,0.3578551411628723
M20210803_002447_FO_P.jpg,1,0.9242016673088074,0.46049535274505615
M20210803_002615_FO_P.jpg,1,0.9762786626815796,0.3282283842563629
M20210803_003502_FO_P.jpg,1,0.9808397889137268,0.3793342411518097
M20210803_003646_FO_P.jpg,1,0.8817859888076782,0.3261823356151581
M20210803_003858_FO_P.jpg,1,0.8432831168174744,0.298923134803772
M20210803_005548_FO_P.jpg,1,0.967957615852356,0.33501142263412476
M20210803_010948_FO_P.jpg,1,0.9492707848548889,0.37510356307029724
M20210803_011023_FO_P.jpg,1,0.8775213956832886,0.4535380005836487
M20210803_011701_FO_P.jpg,1,0.954338014125824,0.3928880989551544
M20210803_011833_FO_P.jpg,1,0.993228018283844,0.49692732095718384
M20210803_013155_FO_P.jpg,1,0.9789697527885437,0.4652324318885803
M20210803_013903_FO_P.jpg,1,0.9904062151908875,0.47994351387023926
M20210803_013941_FO_P.jpg,1,0.9821555018424988,0.4121958017349243
M20210803_015550_FO_P.jpg,1,0.7879936099052429,0.3312060236930847
M20210804_000047_FO_P.jpg,1,0.9417843818664551,0.6395715475082397
M20210804_000329_FO_P.jpg,1,0.9842701554298401,0.4747125208377838
M20210804_000852_FO_P.jpg,1,0.9003474116325378,0.37852516770362854
M20210804_001554_FO_P.jpg,1,0.6265496015548706,0.40771523118019104
M20210804_002446_FO_P.jpg,1,0.9802858829498291,0.5538805723190308
M20210804_003147_FO_P.jpg,1,0.7090641260147095,0.0
M20210804_004102_FO_P.jpg,1,0.8200679421424866,0.4577498137950897
M20210804_005340_FO_P.jpg,1,0.7792505621910095,0.6750662326812744
M20210804_005708_FO_P.jpg,1,0.9242231845855713,0.2698614001274109
M20210804_010805_FO_P.jpg,1,0.874638020992279,0.5292924642562866
M20210804_011336_FO_P.jpg,1,0.9707040786743164,0.5099420547485352
M20210804_011440_FO_P.jpg,1,0.9839057326316833,0.5932177305221558
M20210804_011610_FO_P.jpg,1,0.8457828760147095,0.37924423813819885
M20210804_012102_FO_P.jpg,1,0.9727391600608826,0.6108140349388123
M20210804_013425_FO_P.jpg,1,0.9244434833526611,0.4381970763206482
M20210804_014329_FO_P.jpg,1,0.9179534912109375,0.42587992548942566
M20210804_014951_FO_P.jpg,1,0.504252016544342,0.394579142332077
M20210804_015639_FO_P.jpg,1,0.8864222168922424,0.6354212760925293
M20210804_015823_FO_P.jpg,1,0.7931483387947083,0.3756730258464813
M20210804_020523_FO_P.jpg,1,0.9783385396003723,0.4067126512527466
M20211028_195808_AMOS-CE_P.jpg,1,0.9431577324867249,0.31848031282424927
M20211028_195927_AMOS-CE_P.jpg,1,0.9890024662017822,0.32937440276145935
M20211028_201231_AMOS-CE_P.jpg,1,0.9521892070770264,0.3304380178451538
M20211028_201803_AMOS-CE_P.jpg,1,0.9377126097679138,0.470292866230011
M20211028_202034_AMOS-CE_P.jpg,1,0.8764070272445679,0.40728655457496643
M20211028_214641_AMOS-CE_P.jpg,1,0.9744745492935181,0.3492637872695923
M20211028_221113_AMOS-CE_P.jpg,1,0.9427239894866943,0.6419095993041992
M20211028_221627_AMOS-CE_P.jpg,1,0.9154509902000427,0.414433091878891
M20211028_224518_AMOS-CE_P.jpg,1,0.935138463973999,0.44501662254333496
M20211028_224613_AMOS-CE_P.jpg,1,0.9777913689613342,0.68993079662323
M20211028_235937_AMOS-CE_P.jpg,1,0.9814729690551758,0.5684744715690613
M20211029_010351_AMOS-CE_P.jpg,1,0.6303626894950867,0.3523290753364563
M20211029_011758_AMOS-CE_P.jpg,1,0.9130877256393433,0.531514048576355
M20211029_013630_AMOS-CE_P.jpg,1,0.9244958162307739,0.34621694684028625
M20211029_014559_AMOS-CE_P.jpg,1,0.8881598114967346,0.6001456379890442
M20211029_021209_AMOS-CE_P.jpg,1,0.9265568256378174,0.5564401745796204
M20211029_024801_AMOS-CE_P.jpg,1,0.9125018119812012,0.41644367575645447
M20211029_033140_AMOS-CE_P.jpg,1,0.8509840965270996,0.41605454683303833
M20211029_165318_AMOS-CE_P.jpg,1,0.9470558762550354,0.38220274448394775
M20211029_181920_AMOS-CE_P.jpg,1,0.784390389919281,0.37931323051452637
M20211029_183132_AMOS-CE_P.jpg,1,0.9641096591949463,0.6617743372917175
M20211029_193314_AMOS-CE_P.jpg,1,0.9326117634773254,0.6423326134681702
M20211029_201353_AMOS-CE_P.jpg,1,0.9427807927131653,0.31771746277809143
M20211029_210417_AMOS-CE_P.jpg,1,0.9730428457260132,0.43463271856307983
M20211029_210846_AMOS-CE_P.jpg,1,0.7281500101089478,0.3467188775539398
M20211029_213535_AMOS-CE_P.jpg,1,0.9746798276901245,0.4055863618850708
M20211029_214840_AMOS-CE_P.jpg,1,0.9525284767150879,0.3728913366794586
M20211029_215603_AMOS-CE_P.jpg,1,0.9541445374488831,0.6491382718086243
M20211029_220027_AMOS-CE_P.jpg,1,0.9267460703849792,0.42255914211273193
M20211029_222140_AMOS-CE_P.jpg,1,0.9611945152282715,0.3369438052177429
M20211029_224642_AMOS-CE_P.jpg,1,0.9668252468109131,0.391601026058197
M20211029_231352_AMOS-CE_P.jpg,1,0.48226287961006165,0.30040422081947327
M20211029_232042_AMOS-CE_P.jpg,1,0.9896450042724609,0.4524189233779907
M20211029_232717_AMOS-CE_P.jpg,1,0.9021291732788086,0.6029077768325806
M20211030_002331_AMOS-CE_P.jpg,1,0.9882965683937073,0.39622029662132263
M20211030_002419_AMOS-CE_P.jpg,1,0.9649162888526917,0.3287144601345062
M20211030_003303_AMOS-CE_P.jpg,1,0.9810876846313477,0.5070468783378601
M20211030_003832_AMOS-CE_P.jpg,1,0.9573138356208801,0.41951024532318115
M20211030_011123_AMOS-CE_P.jpg,1,0.6674467325210571,0.30420544743537903
M20211030_011820_AMOS-CE_P.jpg,1,0.9396857023239136,0.337615042924881
M20211030_012027_AMOS-CE_P.jpg,1,0.7186604738235474,0.0
M20211030_012102_AMOS-CE_P.jpg,1,0.9616058468818665,0.399750679731369
M20211030_012548_AMOS-CE_P.jpg,1,0.9345005750656128,0.550095796585083
M20211030_013731_AMOS-CE_P.jpg,1,0.8832642436027527,0.38780418038368225
M20211030_020627_AMOS-CE_P.jpg,1,0.9811131954193115,0.3754345178604126
M20211030_022056_AMOS-CE_P.jpg,1,0.8676510453224182,0.3168522119522095
M20211030_024441_AMOS-CE_P.jpg,1,0.9614688158035278,0.42634034156799316
M20211030_033102_AMOS-CE_P.jpg,1,0.9194524884223938,0.317768394947052
M20211030_041351_AMOS-CE_P.jpg,1,0.7941943407058716,0.4134659767150879
M20211030_170450_AMOS-CE_P.jpg,1,0.9520155787467957,0.5048873424530029
M20211030_172431_AMOS-CE_P.jpg,1,0.9650822877883911,0.37707188725471497
M20211030_182002_AMOS-CE_P.jpg,1,0.8612098097801208,0.3523145020008087
M20211030_182327_AMOS-CE_P.jpg,1,0.9403186440467834,0.6992909908294678
M20211030_183433_AMOS-CE_P.jpg,1,0.9335404634475708,0.542219340801239
M20211030_183616_AMOS-CE_P.jpg,1,0.8604739308357239,0.443540096282959
M20211030_185705_AMOS-CE_P.jpg,1,0.8670811653137207,0.5765830874443054
M20211030_205054_AMOS-CE_P.jpg,1,0.9544121623039246,0.48740825057029724
M20211030_211711_AMOS-CE_P.jpg,1,0.7126851677894592,0.0
M20211030_212444_AMOS-CE_P.jpg,1,0.7156609296798706,0.337417870759964
M20211030_214047_AMOS-CE_P.jpg,1,0.7872000336647034,0.3857436180114746
M20211030_221719_AMOS-CE_P.jpg,1,0.5632411241531372,0.33048567175865173
M20211030_221724_AMOS-CE_P.jpg,1,0.9783626794815063,0.5116868019104004
M20211030_221905_AMOS-CE_P.jpg,1,0.9462965726852417,0.6083671450614929
M20211030_224050_AMOS-CE_P.jpg,1,0.9839769601821899,0.40755775570869446
M20211030_231127_AMOS-CE_P.jpg,1,0.9074453115463257,0.3836461007595062
M20211030_231833_AMOS-CE_P.jpg,1,0.9731336832046509,0.4990820586681366
M20211030_232955_AMOS-CE_P.jpg,1,0.9770781993865967,0.4576178193092346
M20211030_235610_AMOS-CE_P.jpg,1,0.6697529554367065,0.3204812705516815
M20211030_235920_AMOS-CE_P.jpg,1,0.8012114763259888,0.41413068771362305
M20211031_002126_AMOS-CE_P.jpg,1,0.8949522972106934,0.45202532410621643
M20211031_002442_AMOS-CE_P.jpg,1,0.8905082941055298,0.3841584324836731
M20211031_010359_AMOS-CE_P.jpg,1,0.8166239857673645,0.4063853621482849
M20211031_013924_AMOS-CE_P.jpg,1,0.9381111860275269,0.32211846113204956
M20211031_013958_AMOS-CE_P.jpg,1,0.9645804762840271,0.38892656564712524
M20211031_032824_AMOS-CE_P.jpg,1,0.799494206905365,0.42207789421081543
M20211031_164452_AMOS-CE_P.jpg,1,0.9066209197044373,0.34493112564086914
M20211031_190926_AMOS-CE_P.jpg,1,0.6547121405601501,0.40539804100990295
M20211031_192421_AMOS-CE_P.jpg,1,0.8553160429000854,0.36058786511421204
M20211031_193917_AMOS-CE_P.jpg,1,0.871076226234436,0.3855488896369934
M20211031_202913_AMOS-CE_P.jpg,1,0.9370500445365906,0.6026674509048462
M20211031_203520_AMOS-CE_P.jpg,1,0.9453381896018982,0.3854742646217346
M20211031_212503_AMOS-CE_P.jpg,1,0.9721009135246277,0.6622362732887268
M20211031_222027_AMOS-CE_P.jpg,1,0.9640482664108276,0.5541148781776428
M20211031_222823_AMOS-CE_P.jpg,1,0.9886194467544556,0.6694963574409485
M20211031_222947_AMOS-CE_P.jpg,1,0.98482346534729,0.321435809135437
M20211031_223644_AMOS-CE_P.jpg,1,0.8934144973754883,0.0
M20211031_224114_AMOS-CE_P.jpg,1,0.8514504432678223,0.4584164321422577
M20211031_230429_AMOS-CE_P.jpg,1,0.9848371148109436,0.6775703430175781
M20211031_233112_AMOS-CE_P.jpg,1,0.8744100332260132,0.0
M20211031_233133_AMOS-CE_P.jpg,1,0.9798713326454163,0.32642999291419983
M20211101_000453_AMOS-CE_P.jpg,1,0.7596452832221985,0.2599785625934601
M20211101_002401_AMOS-CE_P.jpg,1,0.9084654450416565,0.48333361744880676
M20211101_013212_AMOS-CE_P.jpg,1,0.9648075699806213,0.3264010548591614
M20211101_014647_AMOS-CE_P.jpg,1,0.942643940448761,0.3744240403175354
M20211101_022100_AMOS-CE_P.jpg,1,0.8334375619888306,0.3827573359012604
M20211101_022623_AMOS-CE_P.jpg,1,0.9032989740371704,0.30906572937965393
M20211101_024554_AMOS-CE_P.jpg,1,0.8291946053504944,0.3410360813140869
M20211101_025101_AMOS-CE_P.jpg,1,0.8783334493637085,0.3099815547466278
M20211101_025255_AMOS-CE_P.jpg,1,0.8512673377990723,0.4633309245109558
M20211101_033149_AMOS-CE_P.jpg,1,0.8810980916023254,0.34219011664390564
M20211101_033546_AMOS-CE_P.jpg,1,0.9193807244300842,0.45780709385871887
M20211101_034048_AMOS-CE_P.jpg,1,0.9347459077835083,0.5614740252494812
M20211101_035602_AMOS-CE_P.jpg,1,0.7115656137466431,0.38729292154312134
M20211101_040510_AMOS-CE_P.jpg,1,0.9443278908729553,0.3282626271247864
M20211101_040635_AMOS-CE_P.jpg,1,0.8753625154495239,0.6028684973716736
M20211101_040955_AMOS-CE_P.jpg,1,0.7887965440750122,0.3216957747936249
M20211101_042052_AMOS-CE_P.jpg,1,0.7683442234992981,0.37593454122543335
M20211102_185430_AMOS-CE_P.jpg,1,0.8923467993736267,0.415738970041275
M20211102_185823_AMOS-CE_P.jpg,1,0.9042553901672363,0.708364725112915
M20211102_191827_AMOS-CE_P.jpg,1,0.9403427839279175,0.5569721460342407
M20211102_194047_AMOS-CE_P.jpg,1,0.9615780711174011,0.4021982252597809
M20211102_204555_AMOS-CE_P.jpg,1,0.9872389435768127,0.5665440559387207
M20211102_204714_AMOS-CE_P.jpg,1,0.9274632334709167,0.5576475858688354
M20211102_210559_AMOS-CE_P.jpg,1,0.8972176313400269,0.36894330382347107
M20211102_223010_AMOS-CE_P.jpg,1,0.9650570750236511,0.46751078963279724
M20211102_223407_AMOS-CE_P.jpg,1,0.8883754014968872,0.40087372064590454
M20211102_223802_AMOS-CE_P.jpg,1,0.9699462056159973,0.6686709523200989
M20211102_232509_AMOS-CE_P.jpg,1,0.6909717917442322,0.4992946684360504
M20211102_233230_AMOS-CE_P.jpg,1,0.9287031888961792,0.31511345505714417
M20211102_233658_AMOS-CE_P.jpg,1,0.916954517364502,0.7088746428489685
M20211102_234019_AMOS-CE_P.jpg,1,0.872787356376648,0.3450183570384979
M20211102_234654_AMOS-CE_P.jpg,1,0.9308590888977051,0.3847714960575104
M20211102_235036_AMOS-CE_P.jpg,1,0.927087664604187,0.444105327129364
M20211102_235249_AMOS-CE_P.jpg,1,0.8896947503089905,0.34819933772087097
M20211103_000814_AMOS-CE_P.jpg,1,0.9008274674415588,0.46425896883010864
M20211103_001237_AMOS-CE_P.jpg,1,0.9331269860267639,0.6249593496322632
M20211103_001828_AMOS-CE_P.jpg,1,0.8104016184806824,0.3354080617427826
M20211103_002451_AMOS-CE_P.jpg,1,0.8624047040939331,0.5993204712867737
M20211103_002825_AMOS-CE_P.jpg,1,0.9476466774940491,0.41283971071243286
M20211103_003240_AMOS-CE_P.jpg,1,0.8997420072555542,0.36964157223701477
M20211103_004743_AMOS-CE_P.jpg,1,0.9316161274909973,0.3906434178352356
M20211103_005549_AMOS-CE_P.jpg,1,0.9083735346794128,0.4016340672969818
M20211103_011827_AMOS-CE_P.jpg,1,0.836016833782196,0.3947272300720215
M20211103_012450_AMOS-CE_P.jpg,1,0.8939609527587891,0.3162936866283417
M20211103_012658_AMOS-CE_P.jpg,1,0.9287541508674622,0.3264385461807251
M20211103_012827_AMOS-CE_P.jpg,1,0.8949146866798401,0.3534577190876007
M20211103_012849_AMOS-CE_P.jpg,1,0.9448798894882202,0.3287487030029297
M20211103_013341_AMOS-CE_P.jpg,1,0.90435791015625,0.6807661652565002
M20211103_013416_AMOS-CE_P.jpg,1,0.6737247705459595,0.4230692982673645
M20211103_014023_AMOS-CE_P.jpg,1,0.778800368309021,0.4434666335582733
M20211103_015321_AMOS-CE_P.jpg,1,0.966533362865448,0.4533627927303314
M20211103_015704_AMOS-CE_P.jpg,1,0.6038153767585754,0.38400396704673767
M20211103_020155_AMOS-CE_P.jpg,1,0.812703549861908,0.3362213969230652
M20211103_020507_AMOS-CE_P.jpg,1,0.9694189429283142,0.3078297972679138
M20211103_021700_AMOS-CE_P.jpg,1,0.9360715746879578,0.30758148431777954
M20211103_022101_AMOS-CE_P.jpg,1,0.6775937080383301,0.3066405653953552
M20211103_022355_AMOS-CE_P.jpg,1,0.8507274389266968,0.3027563989162445
M20211103_022759_AMOS-CE_P.jpg,1,0.9010114669799805,0.44019612669944763
M20211103_023100_AMOS-CE_P.jpg,1,0.8858523368835449,0.43008577823638916
M20211103_023506_AMOS-CE_P.jpg,1,0.916832447052002,0.3787972629070282
M20211103_023549_AMOS-CE_P.jpg,1,0.9096677899360657,0.6663385629653931
M20211103_032346_AMOS-CE_P.jpg,1,0.8921010494232178,0.47564345598220825
M20211103_032451_AMOS-CE_P.jpg,1,0.8755990266799927,0.39011886715888977
M20211103_032616_AMOS-CE_P.jpg,1,0.8817312717437744,0.30558183789253235
M20211103_032826_AMOS-CE_P.jpg,1,0.6192856431007385,0.30801647901535034
M20211103_032925_AMOS-CE_P.jpg,1,0.8892161250114441,0.35348454117774963
M20211103_033912_AMOS-CE_P.jpg,1,0.9295600056648254,0.30974140763282776
M20211103_034026_AMOS-CE_P.jpg,1,0.6032170057296753,0.35201501846313477
M20211103_034830_AMOS-CE_P.jpg,1,0.941760241985321,0.38054001331329346
M20211103_040207_AMOS-CE_P.jpg,1,0.668425977230072,0.4719116985797882
M20211103_040544_AMOS-CE_P.jpg,1,0.9245680570602417,0.43515485525131226
M20211103_040635_AMOS-CE_P.jpg,1,0.9316160082817078,0.37837156653404236
M20211104_183519_AMOS-CE_P.jpg,1,0.84629225730896,0.6521448493003845
M20211104_184145_AMOS-CE_P.jpg,1,0.9338340759277344,0.35275155305862427
M20211104_195314_AMOS-CE_P.jpg,1,0.7742171287536621,0.56462162733078
M20211104_211948_AMOS-CE_P.jpg,1,0.9156025052070618,0.33923792839050293
M20211104_215918_AMOS-CE_P.jpg,1,0.8755570650100708,0.49680230021476746
M20211104_220902_AMOS-CE_P.jpg,1,0.6731555461883545,0.6586363315582275
M20211104_222225_AMOS-CE_P.jpg,1,0.9663577675819397,0.661952018737793
M20211104_223136_AMOS-CE_P.jpg,1,0.9668834209442139,0.3116394877433777
M20211104_224238_AMOS-CE_P.jpg,1,0.8079438805580139,0.6597908139228821
M20211104_225619_AMOS-CE_P.jpg,1,0.9582450985908508,0.40634477138519287
M20211104_230451_AMOS-CE_P.jpg,1,0.9329373836517334,0.5678651332855225
M20211104_234722_AMOS-CE_P.jpg,1,0.9624416828155518,0.3188800811767578
M20211104_234731_AMOS-CE_P.jpg,1,0.9134166240692139,0.4327884018421173
M20211104_235531_AMOS-CE_P.jpg,1,0.9854645133018494,0.3871352970600128
M20211105_000725_AMOS-CE_P.jpg,1,0.829607367515564,0.3791660964488983
M20211105_005007_AMOS-CE_P.jpg,1,0.8632867932319641,0.5806403160095215
M20211105_010241_AMOS-CE_P.jpg,1,0.7520265579223633,0.4953853487968445
M20211105_010536_AMOS-CE_P.jpg,1,0.7328265905380249,0.0
M20211105_014715_AMOS-CE_P.jpg,1,0.9049015045166016,0.0
M20211105_015957_AMOS-CE_P.jpg,1,0.8070099949836731,0.3694072365760803
M20211105_024929_AMOS-CE_P.jpg,1,0.907176673412323,0.3294505178928375
M20211105_025509_AMOS-CE_P.jpg,1,0.9460336565971375,0.3861159384250641
M20211105_030350_AMOS-CE_P.jpg,1,0.8435749411582947,0.3983871042728424
M20211105_030643_AMOS-CE_P.jpg,1,0.9779419302940369,0.6465209126472473
M20211105_030826_AMOS-CE_P.jpg,1,0.9411903023719788,0.3089907765388489
M20211105_031136_AMOS-CE_P.jpg,1,0.5886439085006714,0.2827970087528229
M20211105_031806_AMOS-CE_P.jpg,1,0.8560847043991089,0.29368844628334045
M20211105_031902_AMOS-CE_P.jpg,1,0.9212110638618469,0.4017110764980316
M20211105_031911_AMOS-CE_P.jpg,1,0.9400498270988464,0.48367011547088623
M20211105_033014_AMOS-CE_P.jpg,1,0.8840055465698242,0.6608985662460327
M20211105_034341_AMOS-CE_P.jpg,1,0.9060602188110352,0.36959895491600037
M20211105_035124_AMOS-CE_P.jpg,1,0.8692920804023743,0.35165783762931824
M20211105_040056_AMOS-CE_P.jpg,1,0.5562314987182617,0.5188178420066833
M20211105_041135_AMOS-CE_P.jpg,1,0.8630126118659973,0.3376350700855255
M20211105_042546_AMOS-CE_P.jpg,1,0.8856287002563477,0.37516146898269653
M20211105_192913_AMOS-CE_P.jpg,1,0.9513471126556396,0.6374449133872986
M20211105_194602_AMOS-CE_P.jpg,1,0.9516720175743103,0.38206037878990173
M20211105_194920_AMOS-CE_P.jpg,1,0.6732591986656189,0.5457621812820435
M20211105_212737_AMOS-CE_P.jpg,1,0.8858103156089783,0.4600837826728821
M20211105_222414_AMOS-CE_P.jpg,1,0.9719054102897644,0.5022299885749817
M20211105_222512_AMOS-CE_P.jpg,1,0.7608447074890137,0.6425793170928955
M20211105_223913_AMOS-CE_P.jpg,1,0.8937339186668396,0.6808984875679016
M20211105_225403_AMOS-CE_P.jpg,1,0.9311222434043884,0.39377346634864807
M20211105_230010_AMOS-CE_P.jpg,1,0.8730429410934448,0.3161042332649231
M20211105_234406_AMOS-CE_P.jpg,1,0.8179673552513123,0.3132287859916687
M20211106_000038_AMOS-CE_P.jpg,1,0.8551022410392761,0.6808843612670898
M20211106_000242_AMOS-CE_P.jpg,1,0.950337290763855,0.32856813073158264
M20211106_001316_AMOS-CE_P.jpg,1,0.925163984298706,0.6623179316520691
M20211106_004816_AMOS-CE_P.jpg,1,0.8924409747123718,0.5700927972793579
M20211106_005827_AMOS-CE_P.jpg,1,0.7857192754745483,0.39720451831817627
M20211106_010910_AMOS-CE_P.jpg,1,0.9380061626434326,0.36701899766921997
M20211106_172653_AMOS-CE_P.jpg,1,0.6382635831832886,0.6643980741500854
M20211106_173634_AMOS-CE_P.jpg,1,0.8222169876098633,0.3304283618927002
M20211109_190840_AMOS-CE_P.jpg,1,0.5735971927642822,0.4767802953720093
M20211109_190934_AMOS-CE_P.jpg,1,0.8418794274330139,0.3789830505847931
M20211109_193335_AMOS-CE_P.jpg,1,0.799403190612793,0.6525534987449646
M20211109_200608_AMOS-CE_P.jpg,1,0.98997962474823,0.38142749667167664
M20211109_220253_AMOS-CE_P.jpg,1,0.9436949491500854,0.3905295133590698
M20211109_220917_AMOS-CE_P.jpg,1,0.761046826839447,0.46286383271217346
M20211109_222751_AMOS-CE_P.jpg,1,0.9638074636459351,0.42167922854423523
M20211123_170946_AMOS-CE_P.jpg,1,0.8975908756256104,0.3943183124065399
M20211123_171920_AMOS-CE_P.jpg,1,0.7993482351303101,0.36909812688827515
M20211123_172933_AMOS-CE_P.jpg,1,0.9766426086425781,0.5239286422729492
M20211123_175827_AMOS-CE_P.jpg,1,0.9702123999595642,0.516004741191864
M20211123_190708_AMOS-CE_P.jpg,1,0.9459203481674194,0.6136654615402222
M20211123_192112_AMOS-CE_P.jpg,1,0.982989490032196,0.45005807280540466
M20211123_212944_AMOS-CE_P.jpg,1,0.9045720100402832,0.5758757591247559
M20211123_234210_AMOS-CE_P.jpg,1,0.9139586091041565,0.3525071442127228
M20211203_173017_AMOS-CE_P.jpg,1,0.97606360912323,0.33854547142982483
M20211203_201801_AMOS-CE_P.jpg,1,0.9250683784484863,0.3562893569469452
M20211203_202157_AMOS-CE_P.jpg,1,0.9792554974555969,0.5936815142631531
M20211203_222413_AMOS-CE_P.jpg,1,0.9201669096946716,0.4155518114566803
M20211203_224634_AMOS-CE_P.jpg,1,0.7619150876998901,0.6700438857078552
M20211203_225924_AMOS-CE_P.jpg,1,0.9692418575286865,0.598060131072998
M20211203_230512_AMOS-CE_P.jpg,1,0.9695502519607544,0.34172090888023376
M20211203_231415_AMOS-CE_P.jpg,1,0.9628194570541382,0.5499743223190308
M20211203_232004_AMOS-CE_P.jpg,1,0.9498270153999329,0.4547263979911804
M20211203_235229_AMOS-CE_P.jpg,1,0.9000968337059021,0.40520110726356506
M20211204_000214_AMOS-CE_P.jpg,1,0.9646307229995728,0.3546052873134613
M20211204_001340_AMOS-CE_P.jpg,1,0.9535009860992432,0.46646976470947266
M20211204_001534_AMOS-CE_P.jpg,1,0.7326159477233887,0.0
M20211204_001846_AMOS-CE_P.jpg,1,0.9634411334991455,0.3408004939556122
M20211204_002614_AMOS-CE_P.jpg,1,0.8624742031097412,0.65751713514328
M20211204_003300_AMOS-CE_P.jpg,1,0.9711087346076965,0.5223930478096008
M20211204_003306_AMOS-CE_P.jpg,1,0.7290030121803284,0.32817041873931885
M20211204_003723_AMOS-CE_P.jpg,1,0.9375972747802734,0.3335801064968109
M20211204_003832_AMOS-CE_P.jpg,1,0.9374475479125977,0.3358476758003235
M20211204_004656_AMOS-CE_P.jpg,1,0.9517389535903931,0.3218541741371155
M20211204_004757_AMOS-CE_P.jpg,1,0.9699416160583496,0.3710305094718933
M20211204_010108_AMOS-CE_P.jpg,1,0.8906864523887634,0.628966212272644
M20211204_010131_AMOS-CE_P.jpg,1,0.7213271260261536,0.3454304337501526
M20211204_010152_AMOS-CE_P.jpg,1,0.8695254921913147,0.31436285376548767
M20211204_010427_AMOS-CE_P.jpg,1,0.9197211265563965,0.33636006712913513
M20211204_013911_AMOS-CE_P.jpg,1,0.8229362964630127,0.35857322812080383
M20211204_014048_AMOS-CE_P.jpg,1,0.9218350052833557,0.42932480573654175
M20211204_014800_AMOS-CE_P.jpg,1,0.9181427955627441,0.3928831219673157
M20211204_014908_AMOS-CE_P.jpg,1,0.8989806771278381,0.5724668502807617
M20211204_015209_AMOS-CE_P.jpg,1,0.6400806903839111,0.0
M20211204_015518_AMOS-CE_P.jpg,1,0.6697484254837036,0.272680401802063
M20211204_035640_AMOS-CE_P.jpg,1,0.96630859375,0.5192989706993103
M20211204_040251_AMOS-CE_P.jpg,1,0.6614475250244141,0.4176331162452698
M20211204_040537_AMOS-CE_P.jpg,1,0.885974645614624,0.3302919268608093
M20211204_044441_AMOS-CE_P.jpg,1,0.8140580654144287,0.38526618480682373
M20211204_045257_AMOS-CE_P.jpg,1,0.8684120178222656,0.41409894824028015
M20211204_045435_AMOS-CE_P.jpg,1,0.9794304370880127,0.3714360296726227
M20211204_045438_AMOS-CE_P.jpg,1,0.8215274810791016,0.35977545380592346
M20211204_045818_AMOS-CE_P.jpg,1,0.9804506301879883,0.5888726711273193
M20211207_231925_AMOS-CE_P.jpg,1,0.8897259831428528,0.43125292658805847
M20211207_235558_AMOS-CE_P.jpg,1,0.9763256907463074,0.45587316155433655
M20211207_235855_AMOS-CE_P.jpg,1,0.8458026647567749,0.5613369941711426
M20211208_000512_AMOS-CE_P.jpg,1,0.941006064414978,0.3236989974975586
M20211208_004004_AMOS-CE_P.jpg,1,0.7008854746818542,0.0
M20211208_005401_AMOS-CE_P.jpg,1,0.6776214241981506,0.3672787845134735
M20211208_010558_AMOS-CE_P.jpg,1,0.8993246555328369,0.41891470551490784
M20211208_010714_AMOS-CE_P.jpg,1,0.9210467338562012,0.4828627109527588
M20211208_011614_AMOS-CE_P.jpg,1,0.9687563180923462,0.47614794969558716
M20211208_012131_AMOS-CE_P.jpg,1,0.876876711845398,0.3422602415084839
M20211208_012453_AMOS-CE_P.jpg,1,0.9361847043037415,0.5165033340454102
M20211208_013108_AMOS-CE_P.jpg,1,0.8975952863693237,0.37569600343704224
M20211208_013345_AMOS-CE_P.jpg,1,0.6613188982009888,0.0
M20211208_013726_AMOS-CE_P.jpg,1,0.8165377378463745,0.38973772525787354
M20211208_014326_AMOS-CE_P.jpg,1,0.7421020865440369,0.37513458728790283
M20211208_015421_AMOS-CE_P.jpg,1,0.9929819107055664,0.6898812055587769
M20211208_015901_AMOS-CE_P.jpg,1,0.8663387894630432,0.3600144684314728
M20211208_020341_AMOS-CE_P.jpg,1,0.7809329032897949,0.3100361227989197
M20211208_023325_AMOS-CE_P.jpg,1,0.8056393265724182,0.33892330527305603
M20211208_024054_AMOS-CE_P.jpg,1,0.9347546696662903,0.41994810104370117
M20211208_025424_AMOS-CE_P.jpg,1,0.9105628728866577,0.4395190477371216
M20211208_031324_AMOS-CE_P.jpg,1,0.9209898710250854,0.36564844846725464
M20211208_031642_AMOS-CE_P.jpg,1,0.9726545810699463,0.44936656951904297
M20211208_032628_AMOS-CE_P.jpg,1,0.8215363025665283,0.3262389898300171
M20211208_032639_AMOS-CE_P.jpg,1,0.8848505616188049,0.4945342242717743
M20211208_033318_AMOS-CE_P.jpg,1,0.9901341795921326,0.49057525396347046
M20211208_034141_AMOS-CE_P.jpg,1,0.9879310131072998,0.6120296120643616
M20211208_034436_AMOS-CE_P.jpg,1,0.9190739989280701,0.3788481056690216
M20211208_034822_AMOS-CE_P.jpg,1,0.986883819103241,0.36961299180984497
M20211208_035228_AMOS-CE_P.jpg,1,0.9716635942459106,0.674871563911438
M20211208_035451_AMOS-CE_P.jpg,1,0.8887991309165955,0.319007009267807
M20211208_035543_AMOS-CE_P.jpg,1,0.9494549036026001,0.5059018135070801
M20211208_035750_AMOS-CE_P.jpg,1,0.9746108055114746,0.6544720530509949
M20211221_163941_AMOS-CE_P.jpg,1,0.8090251088142395,0.30801957845687866
M20211221_164032_AMOS-CE_P.jpg,1,0.8676105737686157,0.675646185874939
M20211221_164916_AMOS-CE_P.jpg,1,0.9527806043624878,0.571677029132843
M20211221_231418_AMOS-CE_P.jpg,1,0.7582171559333801,0.6106854677200317
M20211222_011732_AMOS-CE_P.jpg,1,0.8043085932731628,0.5092998743057251
M20211222_012838_AMOS-CE_P.jpg,1,0.6818577647209167,0.4671236276626587
M20211222_040725_AMOS-CE_P.jpg,1,0.8229802250862122,0.6372740864753723
M20211222_040913_AMOS-CE_P.jpg,1,0.9184637069702148,0.5287354588508606
M20211222_042744_AMOS-CE_P.jpg,1,0.9596363306045532,0.43814817070961
M20211222_044508_AMOS-CE_P.jpg,1,0.6601366996765137,0.4334650933742523
M20211222_045003_AMOS-CE_P.jpg,1,0.9324944019317627,0.715948760509491
M20211231_200319_AMOS-CE_P.jpg,1,0.8312636613845825,0.3499273359775543
nemet_M20210710_001912_FO_P.jpg,0,0.7953938245773315,0.0
nemet_M20210710_235123_FO_P.jpg,0,0.8666948080062866,0.3294452726840973
nemet_M20210712_222713_FO_P.jpg,0,0.928295373916626,0.3005523383617401
nemet_M20210712_223255_FO_P.jpg,0,0.8092448711395264,0.3768038749694824
nemet_M20210714_213048_FO_P.jpg,0,0.7609371542930603,0.0
nemet_M20210714_213212_FO_P.jpg,0,0.688249409198761,0.0
nemet_M20210714_213411_FO_P.jpg,0,0.4640212655067444,0.0
nemet_M20210714_213815_FO_P.jpg,0,0.47997474670410156,0.0
nemet_M20210714_214257_FO_P.jpg,0,0.49039188027381897,0.0
nemet_M20210714_214406_FO_P.jpg,0,0.68019038438797,0.30128395557403564
nemet_M20210714_215052_FO_P.jpg,0,0.38448867201805115,0.0
nemet_M20210714_215328_FO_P.jpg,0,0.31718799471855164,0.0
nemet_M20210714_220143_FO_P.jpg,0,0.3499707877635956,0.0
nemet_M20210716_001522_FO_P.jpg,0,0.713047206401825,0.2653076648712158
nemet_M20210716_213144_FO_P.jpg,0,0.7966613173484802,0.0
nemet_M20210716_225616_FO_P.jpg,0,0.6785112619400024,0.0
nemet_M20210717_001234_FO_P.jpg,0,0.5249225497245789,0.0
nemet_M20210719_230421_FO_P.jpg,0,0.5922437310218811,0.4426652789115906
nemet_M20210721_002121_FO_P.jpg,0,0.7065651416778564,0.0
nemet_M20210721_011538_FO_P.jpg,0,0.7086209058761597,0.0
nemet_M20210721_012532_FO_P.jpg,0,0.7913380861282349,0.3435279130935669
nemet_M20210721_225141_FO_P.jpg,0,0.6003105640411377,0.0
nemet_M20210722_000759_FO_P.jpg,0,0.7716411352157593,0.35021552443504333
nemet_M20210722_003702_FO_P.jpg,0,0.7712267637252808,0.4468487799167633
nemet_M20210722_014038_FO_P.jpg,0,0.8147249221801758,0.3518069088459015
nemet_M20210722_230629_FO_P.jpg,0,0.8354260921478271,0.33110642433166504
nemet_M20210724_004428_FO_P.jpg,0,0.327888160943985,0.0
nemet_M20210727_000734_FO_P.jpg,0,0.7914837598800659,0.37364280223846436
nemet_M20210727_202749_FO_P.jpg,0,0.7876396775245667,0.0
nemet_M20210727_222252_FO_P.jpg,0,0.9216457605361938,0.3969889283180237
nemet_M20210728_010846_FO_P.jpg,0,0.8958924412727356,0.6035269498825073
nemet_M20210729_234247_FO_P.jpg,0,0.6258991360664368,0.0
nemet_M20210801_211158_FO_P.jpg,0,0.30605900287628174,0.0
nemet_M20210801_213849_FO_P.jpg,0,0.49207156896591187,0.2943490743637085
nemet_M20210801_214225_FO_P.jpg,0,0.5176414847373962,0.0
nemet_M20210802_001431_FO_P.jpg,0,0.5016298890113831,0.3480933606624603
nemet_M20210802_001801_FO_P.jpg,0,0.5439323782920837,0.0
nemet_M20211031_012245_AMOS-CE_P.jpg,0,0.7290920615196228,0.0
nemet_M20211101_031744_AMOS-CE_P.jpg,0,0.7904719114303589,0.4506680965423584
nemet_M20211102_232802_AMOS-CE_P.jpg,0,0.58760005235672,0.0
nemet_M20211103_003004_AMOS-CE_P.jpg,0,0.6047309041023254,0.0
nemet_M20211103_025628_AMOS-CE_P.jpg,0,0.6676441431045532,0.4253990948200226
nemet_M20211104_222646_AMOS-CE_P.jpg,0,0.7704450488090515,0.0
nemet_M20211203_223043_AMOS-CE_P.jpg,0,0.6653516888618469,0.3312450647354126
nemet_M20211203_223817_AMOS-CE_P.jpg,0,0.8519890308380127,0.34037140011787415
nemet_M20211208_015723_AMOS-CE_P.jpg,0,0.9369463324546814,0.3868200182914734
nemet_M20211221_232157_AMOS-CE_P.jpg,0,0.7305309772491455,0.0
